"Boost_Clock","Core_Speed","Manufacturer","Memory","Memory_Bus","Memory_Speed","Pixel_Rate","Process"
"1100 MHz ","1050 MHz","AMD","3072 MB ","128 Bit ","900 MHz","18 GPixel/s","28m"
"876 MHz ","837 MHz","Nvidia","6144 MB ","384 Bit ","1502 MHz","42 GPixel/s","28m"
"876 MHz ","705 MHz","Nvidia","12288 MB ","384 Bit ","1750 MHz","84 GPixel/s","28m"
"876 MHz ","705 MHz","Nvidia","12288 MB ","384 Bit ","1750 MHz","84 GPixel/s","28m"
"1252 MHz ","1140 MHz","Nvidia","12288 MB ","384 Bit ","1753 MHz","120 GPixel/s","28m"
"1216 MHz ","1127 MHz","Nvidia","24576 MB ","384 Bit ","1753 MHz","233 GPixel/s","28m"
"954 MHz ","902 MHz","Nvidia","6144 MB ","384 Bit ","1652 MHz","46 GPixel/s","28m"
"1089 MHz ","1000 MHz","Nvidia","24576 MB ","384 Bit ","1753 MHz","209 GPixel/s","28m"
"1089 MHz ","1000 MHz","Nvidia","12288 MB ","384 Bit ","1753 MHz","105 GPixel/s","28m"
"1216 MHz ","1127 MHz","Nvidia","12288 MB ","384 Bit ","1753 MHz","117 GPixel/s","28m"
"980 MHz ","928 MHz","Nvidia","6144 MB ","384 Bit ","1502 MHz","47 GPixel/s","28m"
"876 MHz ","837 MHz","Nvidia","12288 MB ","384 Bit ","1502 MHz","84 GPixel/s","28m"
"876 MHz ","837 MHz","Nvidia","6144 MB ","384 Bit ","1502 MHz","42 GPixel/s","28m"
"876 MHz ","837 MHz","Nvidia","6144 MB ","384 Bit ","1502 MHz","42 GPixel/s","28m"
"980 MHz ","937 MHz","Nvidia","6144 MB ","384 Bit ","1502 MHz","47 GPixel/s","28m"
"876 MHz ","837 MHz","Nvidia","6144 MB ","384 Bit ","1502 MHz","42 GPixel/s","28m"
"980 MHz ","889 MHz","Nvidia","6144 MB ","384 Bit ","1750 MHz","47 GPixel/s","28m"
"876 MHz ","837 MHz","Nvidia","6144 MB ","384 Bit ","1502 MHz","42 GPixel/s","28m"
"876 MHz ","837 MHz","Nvidia","6144 MB ","384 Bit ","1502 MHz","42 GPixel/s","28m"
"680 MHz ","630 MHz","AMD","2048 MB ","128 Bit ","900 MHz","5 GPixel/s","28m"
"1150 MHz ","300 MHz","Itel","128 MB ","128 Bit ","933 MHz","2 GPixel/s","14m"
"1300 MHz ","200 MHz","Itel","128 MB ","128 Bit ","800 MHz","3 GPixel/s","22m"
"900 MHz ","850 MHz","AMD","4096 MB ","256 Bit ","1200 MHz","29 GPixel/s","28m"
"950 MHz ","900 MHz","AMD","4096 MB ","256 Bit ","1250 MHz","30 GPixel/s","28m"
"900 MHz ","850 MHz","AMD","4096 MB ","256 Bit ","1200 MHz","58 GPixel/s","28m"
"900 MHz ","850 MHz","AMD","4096 MB ","256 Bit ","1200 MHz","29 GPixel/s","28m"
"900 MHz ","850 MHz","AMD","4096 MB ","256 Bit ","1200 MHz","58 GPixel/s","28m"
"900 MHz ","850 MHz","AMD","2048 MB ","256 Bit ","1200 MHz","29 GPixel/s","28m"
"900 MHz ","850 MHz","AMD","2048 MB ","128 Bit ","1000 MHz","7 GPixel/s","28m"
"825 MHz ","775 MHz","AMD","2048 MB ","128 Bit ","1125 MHz","7 GPixel/s","28m"
"775 MHz ","620 MHz","AMD","2048 MB ","128 Bit ","1000 MHz","6 GPixel/s","28m"
"825 MHz ","775 MHz","AMD","1024 MB ","64 Bit ","1125 MHz","7 GPixel/s","28m"
"700 MHz ","650 MHz","AMD","1024 MB ","128 Bit ","1000 MHz","6 GPixel/s","28m"
"825 MHz ","670 MHz","AMD","2048 MB ","128 Bit ","900 MHz","7 GPixel/s","28m"
"825 MHz ","775 MHz","AMD","1024 MB ","64 Bit ","900 MHz","7 GPixel/s","28m"
"700 MHz ","650 MHz","AMD","1024 MB ","64 Bit ","1125 MHz","22 GPixel/s","28m"
"825 MHz ","775 MHz","AMD","2048 MB ","64 Bit ","900 MHz","7 GPixel/s","28m"
"675 MHz ","575 MHz","AMD","2048 MB ","128 Bit ","900 MHz","11 GPixel/s","28m"
"825 MHz ","800 MHz","AMD","2048 MB ","128 Bit ","1000 MHz","7 GPixel/s","28m"
"980 MHz ","940 MHz","AMD","2048 MB ","64 Bit ","1000 MHz","8 GPixel/s","28m"
"715 MHz ","620 MHz","AMD","4096 MB ","128 Bit ","900 MHz","6 GPixel/s","28m"
"825 MHz ","725 MHz","AMD","4096 MB ","128 Bit ","1000 MHz","7 GPixel/s","28m"
"940 MHz ","925 MHz","AMD","4096 MB ","64 Bit ","1000 MHz","8 GPixel/s","28m"
"855 MHz ","780 MHz","AMD","4096 MB ","64 Bit ","1000 MHz","7 GPixel/s","28m"
"1030 MHz ","1000 MHz","AMD","2048 MB ","64 Bit ","1000 MHz","8 GPixel/s","28m"
"1000 MHz ","900 MHz","AMD","4096 MB ","128 Bit ","1375 MHz","16 GPixel/s","28m"
"1100 MHz ","1000 MHz","AMD","4096 MB ","128 Bit ","1500 MHz","18 GPixel/s","28m"
"925 MHz ","900 MHz","AMD","4096 MB ","128 Bit ","1125 MHz","15 GPixel/s","28m"
"1021 MHz ","943 MHz","AMD","2048 MB ","64 Bit ","1000 MHz","8 GPixel/s","28m"
"1015 MHz ","1000 MHz","AMD","2048 MB ","128 Bit ","1100 MHz","16 GPixel/s","28m"
"1015 MHz ","1000 MHz","AMD","2048 MB ","64 Bit ","1100 MHz","8 GPixel/s","28m"
"1015 MHz ","1000 MHz","AMD","4096 MB ","64 Bit ","1100 MHz","8 GPixel/s","28m"
"1030 MHz ","1000 MHz","AMD","2048 MB ","64 Bit ","1000 MHz","8 GPixel/s","28m"
"855 MHz ","780 MHz","AMD","2048 MB ","64 Bit ","1000 MHz","7 GPixel/s","28m"
"1030 MHz ","1000 MHz","AMD","4096 MB ","64 Bit ","1000 MHz","8 GPixel/s","28m"
"1000 MHz ","900 MHz","AMD","4096 MB ","128 Bit ","1375 MHz","16 GPixel/s","28m"
"1100 MHz ","1000 MHz","AMD","4096 MB ","128 Bit ","1500 MHz","18 GPixel/s","28m"
"626 MHz ","533 MHz","AMD","2048 MB ","64 Bit ","667 MHz","10 GPixel/s","32m"
"900 MHz ","825 MHz","AMD","2048 MB ","128 Bit ","1125 MHz","7 GPixel/s","28m"
"993 MHz ","954 MHz","Nvidia","8192 MB ","256 Bit ","1250 MHz","32 GPixel/s","28m"
"993 MHz ","954 MHz","Nvidia","4096 MB ","256 Bit ","1250 MHz","32 GPixel/s","28m"
"1645 MHz ","1442 MHz","Nvidia","8192 MB ","256 Bit ","2002 MHz","105 GPixel/s","16m"
"1392 MHz ","1290 MHz","Nvidia","4096 MB ","128 Bit ","1752 MHz","45 GPixel/s","14m"
"1582 MHz ","1480 MHz","Nvidia","11264 MB ","352 Bit ","1376 MHz","139 GPixel/s","16m"
"1455 MHz ","1354 MHz","Nvidia","2048 MB ","128 Bit ","1752 MHz","47 GPixel/s","14m"
"1670 MHz ","1404 MHz","Nvidia","6144 MB ","192 Bit ","2002 MHz","80 GPixel/s","16m"
"967 MHz ","941 MHz","Nvidia","6144 MB ","192 Bit ","1250 MHz","31 GPixel/s","28m"
"1733 MHz ","1556 MHz","Nvidia","8192 MB ","256 Bit ","1251 MHz","111 GPixel/s","16m"
"1097 MHz ","1029 MHz","Nvidia","4096 MB ","128 Bit ","1250 MHz","18 GPixel/s","28m"
"936 MHz ","876 MHz","Nvidia","2048 MB ","128 Bit ","1253 MHz","15 GPixel/s","28m"
"1084 MHz ","936 MHz","Nvidia","4096 MB ","128 Bit ","1000 MHz","17 GPixel/s","28m"
"1097 MHz ","1029 MHz","Nvidia","4096 MB ","128 Bit ","1253 MHz","35 GPixel/s","28m"
"1124 MHz ","1029 MHz","Nvidia","2048 MB ","64 Bit ","1001 MHz","9 GPixel/s","28m"
"1124 MHz ","1029 MHz","Nvidia","2048 MB ","64 Bit ","1001 MHz","9 GPixel/s","28m"
"941 MHz ","850 MHz","Nvidia","2048 MB ","64 Bit ","900 MHz","8 GPixel/s","28m"
"1084 MHz ","936 MHz","Nvidia","2048 MB ","128 Bit ","1000 MHz","17 GPixel/s","28m"
"967 MHz ","941 MHz","Nvidia","3072 MB ","192 Bit ","1250 MHz","31 GPixel/s","28m"
"955 MHz ","775 MHz","Nvidia","1024 MB ","64 Bit ","900 MHz","8 GPixel/s","28m"
"1097 MHz ","1029 MHz","Nvidia","2048 MB ","128 Bit ","1253 MHz","18 GPixel/s","28m"
"950 MHz ","835 MHz","Nvidia","2048 MB ","128 Bit ","1000 MHz","15 GPixel/s","28m"
"850 MHz ","800 MHz","Nvidia","2048 MB ","64 Bit ","800 MHz","3 GPixel/s","40m"
"1150 MHz ","1082 MHz","Nvidia","2048 MB ","64 Bit ","900 MHz","9 GPixel/s","28m"
"797 MHz ","771 MHz","Nvidia","4096 MB ","256 Bit ","1250 MHz","26 GPixel/s","28m"
"863 MHz ","797 MHz","Nvidia","4096 MB ","128 Bit ","1000 MHz","28 GPixel/s","28m"
"657 MHz ","628 MHz","Nvidia","4096 MB ","128 Bit ","1000 MHz","21 GPixel/s","28m"
"657 MHz ","628 MHz","Nvidia","2048 MB ","128 Bit ","1002 MHz","11 GPixel/s","28m"
"1163 MHz ","967 MHz","Nvidia","2048 MB ","128 Bit ","900 MHz","19 GPixel/s","28m"
"1163 MHz ","967 MHz","Nvidia","2048 MB ","128 Bit ","900 MHz","19 GPixel/s","28m"
"1058 MHz ","941 MHz","Nvidia","2048 MB ","128 Bit ","1000 MHz","17 GPixel/s","28m"
"1045 MHz ","837 MHz","Nvidia","2048 MB ","128 Bit ","900 MHz","17 GPixel/s","28m"
"895 MHz ","810 MHz","Nvidia","2048 MB ","128 Bit ","900 MHz","14 GPixel/s","28m"
"1058 MHz ","980 MHz","Nvidia","2048 MB ","64 Bit ","900 MHz","8 GPixel/s","28m"
"875 MHz ","719 MHz","Nvidia","2048 MB ","128 Bit ","900 MHz","7 GPixel/s","28m"
"938 MHz ","775 MHz","Nvidia","2048 MB ","64 Bit ","900 MHz","8 GPixel/s","28m"
"941 MHz ","575 MHz","Nvidia","2048 MB ","64 Bit ","900 MHz","15 GPixel/s","28m"
"938 MHz ","625 MHz","Nvidia","1024 MB ","64 Bit ","900 MHz","8 GPixel/s","28m"
"1128 MHz ","1038 MHz","Nvidia","8192 MB ","256 Bit ","1253 MHz","72 GPixel/s","28m"
"1127 MHz ","1038 MHz","Nvidia","8192 MB ","256 Bit ","1253 MHz","72 GPixel/s","28m"
"1127 MHz ","1038 MHz","Nvidia","4096 MB ","256 Bit ","1253 MHz","72 GPixel/s","28m"
"1038 MHz ","924 MHz","Nvidia","3072 MB ","192 Bit ","1253 MHz","58 GPixel/s","28m"
"993 MHz ","924 MHz","Nvidia","12288 MB ","192 Bit ","1253 MHz","95 GPixel/s","28m"
"1038 MHz ","924 MHz","Nvidia","3072 MB ","192 Bit ","1253 MHz","50 GPixel/s","28m"
"993 MHz ","924 MHz","Nvidia","6144 MB ","192 Bit ","1253 MHz","48 GPixel/s","28m"
"950 MHz ","924 MHz","Nvidia","4096 MB ","128 Bit ","1250 MHz","61 GPixel/s","28m"
"1190 MHz ","1064 MHz","Nvidia","4096 MB ","256 Bit ","1750 MHz","76 GPixel/s","28m"
"1097 MHz ","1029 MHz","Nvidia","4096 MB ","128 Bit ","1253 MHz","18 GPixel/s","28m"
"950 MHz ","924 MHz","Nvidia","4096 MB ","128 Bit ","1250 MHz","30 GPixel/s","28m"
"1097 MHz ","1029 MHz","Nvidia","2048 MB ","128 Bit ","1253 MHz","18 GPixel/s","28m"
"1124 MHz ","993 MHz","Nvidia","2048 MB ","128 Bit ","1000 MHz","18 GPixel/s","28m"
"1242 MHz ","1122 MHz","Nvidia","2048 MB ","64 Bit ","1001 MHz","10 GPixel/s","28m"
"1045 MHz ","928 MHz","Nvidia","2048 MB ","128 Bit ","1000 MHz","17 GPixel/s","28m"
"1124 MHz ","993 MHz","Nvidia","4096 MB ","128 Bit ","900 MHz","18 GPixel/s","28m"
"993 MHz ","914 MHz","Nvidia","2048 MB ","128 Bit ","1250 MHz","16 GPixel/s","28m"
"1176 MHz ","1072 MHz","Nvidia","2048 MB ","64 Bit ","1000 MHz","9 GPixel/s","28m"
"941 MHz ","928 MHz","Nvidia","2048 MB ","64 Bit ","900 MHz","8 GPixel/s","28m"
"1176 MHz ","1072 MHz","Nvidia","4096 MB ","64 Bit ","1000 MHz","9 GPixel/s","28m"
"954 MHz ","575 MHz","Nvidia","4096 MB ","64 Bit ","900 MHz","8 GPixel/s","28m"
"954 MHz ","575 MHz","Nvidia","2048 MB ","64 Bit ","900 MHz","8 GPixel/s","28m"
"975 MHz ","925 MHz","AMD","2048 MB ","256 Bit ","1400 MHz","31 GPixel/s","28m"
"1050 MHz ","1000 MHz","AMD","2048 MB ","256 Bit ","1400 MHz","34 GPixel/s","28m"
"1035 MHz ","985 MHz","AMD","2048 MB ","256 Bit ","1400 MHz","33 GPixel/s","28m"
"1070 MHz ","1020 MHz","AMD","8192 MB ","256 Bit ","1425 MHz","68 GPixel/s","28m"
"1035 MHz ","985 MHz","AMD","2048 MB ","256 Bit ","1400 MHz","33 GPixel/s","28m"
"1020 MHz ","970 MHz","AMD","2048 MB ","256 Bit ","1400 MHz","33 GPixel/s","28m"
"985 MHz ","935 MHz","AMD","2048 MB ","256 Bit ","1425 MHz","32 GPixel/s","28m"
"1070 MHz ","1020 MHz","AMD","4096 MB ","256 Bit ","1425 MHz","34 GPixel/s","28m"
"1050 MHz ","1000 MHz","AMD","2048 MB ","128 Bit ","1625 MHz","17 GPixel/s","28m"
"1050 MHz ","1000 MHz","AMD","2048 MB ","256 Bit ","1425 MHz","34 GPixel/s","28m"
"975 MHz ","925 MHz","AMD","4096 MB ","256 Bit ","1400 MHz","62 GPixel/s","28m"
"1050 MHz ","1000 MHz","AMD","4096 MB ","256 Bit ","1400 MHz","34 GPixel/s","28m"
"1150 MHz ","1100 MHz","AMD","2048 MB ","128 Bit ","1625 MHz","18 GPixel/s","28m"
"1015 MHz ","975 MHz","AMD","2048 MB ","256 Bit ","1400 MHz","32 GPixel/s","28m"
"1050 MHz ","1000 MHz","AMD","2048 MB ","256 Bit ","1400 MHz","34 GPixel/s","28m"
"975 MHz ","925 MHz","AMD","2048 MB ","256 Bit ","1400 MHz","31 GPixel/s","28m"
"780 MHz ","730 MHz","AMD","2048 MB ","128 Bit ","900 MHz","6 GPixel/s","28m"
"825 MHz ","800 MHz","AMD","2048 MB ","128 Bit ","1125 MHz","7 GPixel/s","28m"
"855 MHz ","830 MHz","AMD","2048 MB ","128 Bit ","900 MHz","7 GPixel/s","28m"
"1050 MHz ","1000 MHz","AMD","2048 MB ","128 Bit ","1150 MHz","8 GPixel/s","28m"
"1050 MHz ","1000 MHz","AMD","1024 MB ","128 Bit ","1150 MHz","8 GPixel/s","28m"
"1000 MHz ","850 MHz","AMD","3072 MB ","384 Bit ","1500 MHz","32 GPixel/s","28m"
"1080 MHz ","1000 MHz","AMD","3072 MB ","384 Bit ","1550 MHz","35 GPixel/s","28m"
"1000 MHz ","850 MHz","AMD","3072 MB ","384 Bit ","1500 MHz","32 GPixel/s","28m"
"1100 MHz ","1020 MHz","AMD","3072 MB ","384 Bit ","1500 MHz","35 GPixel/s","28m"
"1100 MHz ","1000 MHz","AMD","3072 MB ","384 Bit ","1500 MHz","35 GPixel/s","28m"
"1150 MHz ","1100 MHz","AMD","3072 MB ","384 Bit ","1600 MHz","37 GPixel/s","28m"
"1050 MHz ","1000 MHz","AMD","6144 MB ","384 Bit ","1500 MHz","34 GPixel/s","28m"
"1020 MHz ","870 MHz","AMD","3072 MB ","384 Bit ","1500 MHz","33 GPixel/s","28m"
"1070 MHz ","950 MHz","AMD","3072 MB ","384 Bit ","1550 MHz","34 GPixel/s","28m"
"1050 MHz ","1000 MHz","AMD","3072 MB ","384 Bit ","1500 MHz","34 GPixel/s","28m"
"1050 MHz ","1000 MHz","AMD","3072 MB ","384 Bit ","1500 MHz","34 GPixel/s","28m"
"1030 MHz ","880 MHz","AMD","3072 MB ","384 Bit ","1500 MHz","33 GPixel/s","28m"
"1100 MHz ","1000 MHz","AMD","3072 MB ","384 Bit ","1500 MHz","35 GPixel/s","28m"
"1100 MHz ","950 MHz","AMD","3072 MB ","384 Bit ","1600 MHz","35 GPixel/s","28m"
"1100 MHz ","1000 MHz","AMD","3072 MB ","384 Bit ","1500 MHz","35 GPixel/s","28m"
"1070 MHz ","970 MHz","AMD","3072 MB ","384 Bit ","1600 MHz","34 GPixel/s","28m"
"1000 MHz ","925 MHz","AMD","3072 MB ","384 Bit ","1500 MHz","32 GPixel/s","28m"
"1000 MHz ","850 MHz","AMD","3072 MB ","384 Bit ","1500 MHz","32 GPixel/s","28m"
"1000 MHz ","933 MHz","AMD","3072 MB ","384 Bit ","1300 MHz","32 GPixel/s","28m"
"960 MHz ","855 MHz","AMD","3072 MB ","384 Bit ","1250 MHz","31 GPixel/s","28m"
"953 MHz ","847 MHz","AMD","3072 MB ","384 Bit ","1250 MHz","30 GPixel/s","28m"
"1072 MHz ","950 MHz","AMD","3072 MB ","384 Bit ","1250 MHz","34 GPixel/s","28m"
"1000 MHz ","933 MHz","AMD","3072 MB ","384 Bit ","1250 MHz","32 GPixel/s","28m"
"960 MHz ","855 MHz","AMD","3072 MB ","384 Bit ","1250 MHz","31 GPixel/s","28m"
"980 MHz ","874 MHz","AMD","3072 MB ","384 Bit ","1300 MHz","31 GPixel/s","28m"
"940 MHz ","850 MHz","AMD","3072 MB ","384 Bit ","1250 MHz","30 GPixel/s","28m"
"1000 MHz ","850 MHz","AMD","3072 MB ","384 Bit ","1500 MHz","32 GPixel/s","28m"
"1050 MHz ","1000 MHz","AMD","4096 MB ","256 Bit ","1400 MHz","34 GPixel/s","28m"
"1100 MHz ","1050 MHz","AMD","2048 MB ","256 Bit ","1450 MHz","35 GPixel/s","28m"
"1100 MHz ","1050 MHz","AMD","2048 MB ","256 Bit ","1450 MHz","35 GPixel/s","28m"
"1080 MHz ","1030 MHz","AMD","2048 MB ","256 Bit ","1400 MHz","35 GPixel/s","28m"
"1150 MHz ","1100 MHz","AMD","2048 MB ","256 Bit ","1500 MHz","37 GPixel/s","28m"
"1070 MHz ","1020 MHz","AMD","4096 MB ","256 Bit ","1400 MHz","34 GPixel/s","28m"
"1070 MHz ","1020 MHz","AMD","2048 MB ","256 Bit ","1400 MHz","34 GPixel/s","28m"
"933 MHz ","827 MHz","AMD","3072 MB ","384 Bit ","1250 MHz","30 GPixel/s","28m"
"1150 MHz ","1100 MHz","AMD","2048 MB ","256 Bit ","1500 MHz","37 GPixel/s","28m"
"1100 MHz ","1060 MHz","AMD","2048 MB ","256 Bit ","1425 MHz","35 GPixel/s","28m"
"1150 MHz ","1100 MHz","AMD","2048 MB ","256 Bit ","1400 MHz","37 GPixel/s","28m"
"1080 MHz ","1030 MHz","AMD","2048 MB ","256 Bit ","1400 MHz","35 GPixel/s","28m"
"1180 MHz ","1150 MHz","AMD","2048 MB ","256 Bit ","1400 MHz","38 GPixel/s","28m"
"1120 MHz ","1030 MHz","AMD","8192 MB ","256 Bit ","1400 MHz","72 GPixel/s","28m"
"1120 MHz ","1030 MHz","AMD","4096 MB ","256 Bit ","1400 MHz","72 GPixel/s","28m"
"1080 MHz ","1030 MHz","AMD","2048 MB ","256 Bit ","1400 MHz","35 GPixel/s","28m"
"1080 MHz ","1030 MHz","AMD","2048 MB ","256 Bit ","1400 MHz","35 GPixel/s","28m"
"1140 MHz ","1100 MHz","AMD","2048 MB ","256 Bit ","1400 MHz","36 GPixel/s","28m"
"1100 MHz ","1050 MHz","AMD","8192 MB ","256 Bit ","1400 MHz","70 GPixel/s","28m"
"1120 MHz ","1030 MHz","AMD","2048 MB ","256 Bit ","1400 MHz","36 GPixel/s","28m"
"1080 MHz ","1030 MHz","AMD","2048 MB ","256 Bit ","1400 MHz","35 GPixel/s","28m"
"1100 MHz ","1050 MHz","AMD","4096 MB ","256 Bit ","1400 MHz","35 GPixel/s","28m"
"1100 MHz ","1050 MHz","AMD","2048 MB ","256 Bit ","1400 MHz","35 GPixel/s","28m"
"1050 MHz ","1000 MHz","AMD","2048 MB ","256 Bit ","1400 MHz","34 GPixel/s","28m"
"1100 MHz ","1050 MHz","AMD","4096 MB ","256 Bit ","1400 MHz","35 GPixel/s","28m"
"1050 MHz ","1000 MHz","AMD","4096 MB ","256 Bit ","1400 MHz","67 GPixel/s","28m"
"925 MHz ","900 MHz","AMD","2048 MB ","256 Bit ","1400 MHz","30 GPixel/s","28m"
"945 MHz ","920 MHz","AMD","2048 MB ","256 Bit ","1400 MHz","30 GPixel/s","28m"
"1120 MHz ","1030 MHz","AMD","4096 MB ","256 Bit ","1400 MHz","36 GPixel/s","28m"
"955 MHz ","930 MHz","AMD","2048 MB ","256 Bit ","1400 MHz","31 GPixel/s","28m"
"975 MHz ","900 MHz","AMD","2048 MB ","256 Bit ","1400 MHz","31 GPixel/s","28m"
"925 MHz ","900 MHz","AMD","2048 MB ","256 Bit ","1400 MHz","30 GPixel/s","28m"
"975 MHz ","950 MHz","AMD","2048 MB ","256 Bit ","1400 MHz","31 GPixel/s","28m"
"975 MHz ","950 MHz","AMD","2048 MB ","256 Bit ","1400 MHz","31 GPixel/s","28m"
"950 MHz ","925 MHz","AMD","2048 MB ","256 Bit ","1400 MHz","30 GPixel/s","28m"
"975 MHz ","950 MHz","AMD","2048 MB ","256 Bit ","1400 MHz","31 GPixel/s","28m"
"925 MHz ","900 MHz","AMD","4096 MB ","256 Bit ","1400 MHz","59 GPixel/s","28m"
"1120 MHz ","1070 MHz","AMD","2048 MB ","256 Bit ","1400 MHz","36 GPixel/s","28m"
"925 MHz ","900 MHz","AMD","2048 MB ","256 Bit ","1400 MHz","30 GPixel/s","28m"
"955 MHz ","930 MHz","AMD","4096 MB ","256 Bit ","1400 MHz","61 GPixel/s","28m"
"955 MHz ","930 MHz","AMD","2048 MB ","256 Bit ","1400 MHz","31 GPixel/s","28m"
"925 MHz ","900 MHz","AMD","2048 MB ","256 Bit ","1400 MHz","30 GPixel/s","28m"
"925 MHz ","900 MHz","AMD","2048 MB ","256 Bit ","1400 MHz","30 GPixel/s","28m"
"1036 MHz ","1008 MHz","AMD","2048 MB ","256 Bit ","1400 MHz","33 GPixel/s","28m"
"925 MHz ","900 MHz","AMD","2048 MB ","256 Bit ","1400 MHz","30 GPixel/s","28m"
"955 MHz ","930 MHz","AMD","2048 MB ","256 Bit ","1400 MHz","31 GPixel/s","28m"
"955 MHz ","930 MHz","AMD","2048 MB ","256 Bit ","1400 MHz","31 GPixel/s","28m"
"925 MHz ","900 MHz","AMD","2048 MB ","256 Bit ","1400 MHz","30 GPixel/s","28m"
"955 MHz ","900 MHz","AMD","2048 MB ","256 Bit ","1400 MHz","31 GPixel/s","28m"
"1288 MHz ","1120 MHz","ATI","8192 MB ","256 Bit ","2000 MHz","41 GPixel/s","14m"
"1338 MHz ","1120 MHz","ATI","8192 MB ","256 Bit ","2000 MHz","43 GPixel/s","14m"
"1266 MHz ","1120 MHz","ATI","4096 MB ","256 Bit ","1750 MHz","41 GPixel/s","14m"
"1288 MHz ","1120 MHz","ATI","8192 MB ","256 Bit ","2000 MHz","41 GPixel/s","14m"
"1328 MHz ","1120 MHz","ATI","8192 MB ","256 Bit ","2000 MHz","42 GPixel/s","14m"
"1266 MHz ","1120 MHz","ATI","4096 MB ","256 Bit ","1750 MHz","41 GPixel/s","14m"
"1342 MHz ","1208 MHz","ATI","8192 MB ","256 Bit ","2000 MHz","43 GPixel/s","14m"
"1306 MHz ","1208 MHz","ATI","4096 MB ","256 Bit ","1750 MHz","42 GPixel/s","14m"
"1266 MHz ","1120 MHz","ATI","4096 MB ","256 Bit ","1750 MHz","41 GPixel/s","14m"
"1266 MHz ","1120 MHz","ATI","8192 MB ","256 Bit ","2000 MHz","41 GPixel/s","14m"
"1266 MHz ","1120 MHz","ATI","4096 MB ","256 Bit ","1750 MHz","41 GPixel/s","14m"
"1266 MHz ","1120 MHz","ATI","8192 MB ","256 Bit ","2000 MHz","41 GPixel/s","14m"
"1330 MHz ","1120 MHz","ATI","8192 MB ","256 Bit ","2000 MHz","43 GPixel/s","14m"
"1266 MHz ","1120 MHz","ATI","8192 MB ","256 Bit ","2000 MHz","41 GPixel/s","14m"
"1266 MHz ","1120 MHz","ATI","4096 MB ","256 Bit ","1750 MHz","41 GPixel/s","14m"
"1279 MHz ","1120 MHz","ATI","4096 MB ","256 Bit ","1750 MHz","41 GPixel/s","14m"
"1279 MHz ","1120 MHz","ATI","8192 MB ","256 Bit ","2000 MHz","41 GPixel/s","14m"
"1303 MHz ","1120 MHz","ATI","4096 MB ","256 Bit ","1750 MHz","42 GPixel/s","14m"
"1303 MHz ","1120 MHz","ATI","8192 MB ","256 Bit ","2000 MHz","42 GPixel/s","14m"
"1291 MHz ","1120 MHz","ATI","8192 MB ","256 Bit ","2000 MHz","41 GPixel/s","14m"
"1291 MHz ","1120 MHz","ATI","4096 MB ","256 Bit ","1750 MHz","41 GPixel/s","14m"
"1338 MHz ","1120 MHz","ATI","8192 MB ","256 Bit ","2000 MHz","43 GPixel/s","14m"
"1266 MHz ","1120 MHz","ATI","8192 MB ","256 Bit ","2000 MHz","41 GPixel/s","14m"
"1266 MHz ","1120 MHz","ATI","4096 MB ","256 Bit ","1750 MHz","41 GPixel/s","14m"
"1266 MHz ","1120 MHz","ATI","4096 MB ","256 Bit ","1750 MHz","81 GPixel/s","14m"
"1338 MHz ","1120 MHz","ATI","8192 MB ","256 Bit ","2000 MHz","43 GPixel/s","14m"
"1050 MHz ","1000 MHz","AMD","2048 MB ","128 Bit ","800 MHz","8 GPixel/s","28m"
"1050 MHz ","1000 MHz","AMD","2048 MB ","128 Bit ","900 MHz","8 GPixel/s","28m"
"1100 MHz ","1050 MHz","AMD","2048 MB ","128 Bit ","900 MHz","9 GPixel/s","28m"
"1050 MHz ","1000 MHz","AMD","1024 MB ","128 Bit ","800 MHz","8 GPixel/s","28m"
"1050 MHz ","1000 MHz","AMD","2048 MB ","128 Bit ","900 MHz","8 GPixel/s","28m"
"1288 MHz ","1120 MHz","ATI","8192 MB ","256 Bit ","2000 MHz","41 GPixel/s","14m"
"1050 MHz ","1000 MHz","AMD","2048 MB ","128 Bit ","900 MHz","8 GPixel/s","28m"
"1050 MHz ","1000 MHz","AMD","2048 MB ","128 Bit ","900 MHz","8 GPixel/s","28m"
"1266 MHz ","1120 MHz","ATI","8192 MB ","256 Bit ","2000 MHz","41 GPixel/s","14m"
"1288 MHz ","1120 MHz","ATI","8192 MB ","256 Bit ","2000 MHz","41 GPixel/s","14m"
"1266 MHz ","1120 MHz","ATI","8192 MB ","256 Bit ","2000 MHz","41 GPixel/s","14m"
"1266 MHz ","1120 MHz","ATI","4096 MB ","256 Bit ","1750 MHz","41 GPixel/s","14m"
"1290 MHz ","1120 MHz","ATI","8192 MB ","256 Bit ","2000 MHz","41 GPixel/s","14m"
"1266 MHz ","1120 MHz","ATI","4096 MB ","256 Bit ","1750 MHz","41 GPixel/s","14m"
"1266 MHz ","1120 MHz","ATI","8192 MB ","256 Bit ","2000 MHz","41 GPixel/s","14m"
"1266 MHz ","1120 MHz","ATI","4096 MB ","256 Bit ","1750 MHz","41 GPixel/s","14m"
"1266 MHz ","1120 MHz","ATI","4096 MB ","256 Bit ","1750 MHz","41 GPixel/s","14m"
"1266 MHz ","1120 MHz","ATI","8192 MB ","256 Bit ","2000 MHz","41 GPixel/s","14m"
"1266 MHz ","1120 MHz","ATI","8192 MB ","256 Bit ","2000 MHz","41 GPixel/s","14m"
"1266 MHz ","1120 MHz","ATI","8192 MB ","256 Bit ","2000 MHz","41 GPixel/s","14m"
"1330 MHz ","1120 MHz","ATI","8192 MB ","256 Bit ","2000 MHz","43 GPixel/s","14m"
"1266 MHz ","1120 MHz","ATI","16384 MB ","256 Bit ","2000 MHz","81 GPixel/s","14m"
"1266 MHz ","1120 MHz","ATI","8192 MB ","256 Bit ","2000 MHz","41 GPixel/s","14m"
"1266 MHz ","1120 MHz","ATI","8192 MB ","256 Bit ","2000 MHz","41 GPixel/s","14m"
"1280 MHz ","926 MHz","ATI","4096 MB ","256 Bit ","1750 MHz","41 GPixel/s","14m"
"1266 MHz ","1120 MHz","ATI","4096 MB ","256 Bit ","1750 MHz","41 GPixel/s","14m"
"1226 MHz ","926 MHz","ATI","4096 MB ","256 Bit ","1750 MHz","59 GPixel/s","14m"
"1050 MHz ","1000 MHz","AMD","1024 MB ","128 Bit ","1150 MHz","8 GPixel/s","28m"
"1100 MHz ","1050 MHz","AMD","1024 MB ","128 Bit ","1150 MHz","9 GPixel/s","28m"
"1226 MHz ","926 MHz","ATI","4096 MB ","256 Bit ","1650 MHz","59 GPixel/s","14m"
"1256 MHz ","926 MHz","ATI","4096 MB ","256 Bit ","1750 MHz","60 GPixel/s","14m"
"1050 MHz ","1000 MHz","AMD","2048 MB ","128 Bit ","1150 MHz","17 GPixel/s","28m"
"1050 MHz ","1000 MHz","AMD","2048 MB ","128 Bit ","1150 MHz","8 GPixel/s","28m"
"1100 MHz ","1050 MHz","AMD","1024 MB ","128 Bit ","1150 MHz","9 GPixel/s","28m"
"1050 MHz ","1000 MHz","AMD","1024 MB ","128 Bit ","1150 MHz","8 GPixel/s","28m"
"1050 MHz ","1000 MHz","AMD","1024 MB ","128 Bit ","1150 MHz","8 GPixel/s","28m"
"1050 MHz ","1000 MHz","AMD","2048 MB ","128 Bit ","1150 MHz","8 GPixel/s","28m"
"1050 MHz ","1000 MHz","AMD","1024 MB ","128 Bit ","1150 MHz","8 GPixel/s","28m"
"1050 MHz ","1000 MHz","AMD","2048 MB ","128 Bit ","1150 MHz","17 GPixel/s","28m"
"1050 MHz ","1000 MHz","AMD","1024 MB ","128 Bit ","1150 MHz","8 GPixel/s","28m"
"780 MHz ","730 MHz","AMD","4096 MB ","128 Bit ","667 MHz","6 GPixel/s","28m"
"1100 MHz ","1050 MHz","AMD","2048 MB ","128 Bit ","1150 MHz","9 GPixel/s","28m"
"780 MHz ","730 MHz","AMD","2048 MB ","128 Bit ","800 MHz","6 GPixel/s","28m"
"1100 MHz ","1000 MHz","AMD","1024 MB ","128 Bit ","1150 MHz","9 GPixel/s","28m"
"780 MHz ","730 MHz","AMD","1024 MB ","128 Bit ","1150 MHz","6 GPixel/s","28m"
"780 MHz ","730 MHz","AMD","2048 MB ","128 Bit ","1125 MHz","6 GPixel/s","28m"
"780 MHz ","730 MHz","AMD","2048 MB ","128 Bit ","1150 MHz","6 GPixel/s","28m"
"780 MHz ","730 MHz","AMD","1024 MB ","128 Bit ","1125 MHz","6 GPixel/s","28m"
"780 MHz ","730 MHz","AMD","1024 MB ","128 Bit ","900 MHz","6 GPixel/s","28m"
"780 MHz ","730 MHz","AMD","1024 MB ","128 Bit ","900 MHz","6 GPixel/s","28m"
"1216 MHz ","926 MHz","ATI","4096 MB ","256 Bit ","1750 MHz","39 GPixel/s","14m"
"800 MHz ","750 MHz","AMD","2048 MB ","128 Bit ","900 MHz","6 GPixel/s","28m"
"1260 MHz ","1121 MHz","ATI","8192 MB ","256 Bit ","2000 MHz","40 GPixel/s","14m"
"1260 MHz ","1143 MHz","ATI","4096 MB ","256 Bit ","1750 MHz","40 GPixel/s","14m"
"1270 MHz ","926 MHz","ATI","4096 MB ","256 Bit ","1750 MHz","41 GPixel/s","14m"
"1242 MHz ","926 MHz","ATI","4096 MB ","256 Bit ","1650 MHz","40 GPixel/s","14m"
"1210 MHz ","926 MHz","ATI","4096 MB ","256 Bit ","1650 MHz","39 GPixel/s","14m"
"1218 MHz ","926 MHz","ATI","4096 MB ","256 Bit ","1650 MHz","39 GPixel/s","14m"
"1242 MHz ","926 MHz","ATI","8192 MB ","256 Bit ","1650 MHz","40 GPixel/s","14m"
"1256 MHz ","926 MHz","ATI","4096 MB ","256 Bit ","1650 MHz","40 GPixel/s","14m"
"1256 MHz ","926 MHz","ATI","4096 MB ","256 Bit ","1650 MHz","40 GPixel/s","14m"
"1206 MHz ","926 MHz","ATI","4096 MB ","256 Bit ","1650 MHz","39 GPixel/s","14m"
"1206 MHz ","926 MHz","ATI","4096 MB ","256 Bit ","1650 MHz","39 GPixel/s","14m"
"1200 MHz ","1090 MHz","ATI","4096 MB ","128 Bit ","1750 MHz","19 GPixel/s","14m"
"1220 MHz ","1090 MHz","ATI","4096 MB ","128 Bit ","1750 MHz","20 GPixel/s","14m"
"1270 MHz ","926 MHz","ATI","4096 MB ","256 Bit ","1650 MHz","41 GPixel/s","14m"
"1220 MHz ","1090 MHz","ATI","4096 MB ","128 Bit ","1750 MHz","20 GPixel/s","14m"
"1220 MHz ","1090 MHz","ATI","2048 MB ","128 Bit ","1750 MHz","20 GPixel/s","14m"
"1230 MHz ","926 MHz","ATI","4096 MB ","256 Bit ","1650 MHz","39 GPixel/s","14m"
"1220 MHz ","1090 MHz","ATI","2048 MB ","128 Bit ","1750 MHz","20 GPixel/s","14m"
"1210 MHz ","1090 MHz","ATI","2048 MB ","128 Bit ","1750 MHz","19 GPixel/s","14m"
"1210 MHz ","1090 MHz","ATI","4096 MB ","128 Bit ","1750 MHz","19 GPixel/s","14m"
"1250 MHz ","1090 MHz","ATI","4096 MB ","128 Bit ","1750 MHz","20 GPixel/s","14m"
"1212 MHz ","1090 MHz","ATI","4096 MB ","128 Bit ","1750 MHz","19 GPixel/s","14m"
"1220 MHz ","1090 MHz","ATI","4096 MB ","128 Bit ","1750 MHz","20 GPixel/s","14m"
"1236 MHz ","1090 MHz","ATI","4096 MB ","128 Bit ","1750 MHz","20 GPixel/s","14m"
"1212 MHz ","1090 MHz","ATI","4096 MB ","128 Bit ","1750 MHz","19 GPixel/s","14m"
"800 MHz ","750 MHz","AMD","2048 MB ","128 Bit ","900 MHz","6 GPixel/s","28m"
"810 MHz ","760 MHz","AMD","2048 MB ","128 Bit ","900 MHz","6 GPixel/s","28m"
"780 MHz ","730 MHz","AMD","2048 MB ","128 Bit ","900 MHz","6 GPixel/s","28m"
"780 MHz ","730 MHz","AMD","2048 MB ","128 Bit ","900 MHz","6 GPixel/s","28m"
"900 MHz ","780 MHz","AMD","2048 MB ","128 Bit ","900 MHz","7 GPixel/s","28m"
"780 MHz ","730 MHz","AMD","4096 MB ","128 Bit ","900 MHz","6 GPixel/s","28m"
"820 MHz ","770 MHz","AMD","4096 MB ","128 Bit ","900 MHz","7 GPixel/s","28m"
"780 MHz ","730 MHz","AMD","1024 MB ","128 Bit ","800 MHz","6 GPixel/s","28m"
"780 MHz ","730 MHz","AMD","2048 MB ","128 Bit ","900 MHz","6 GPixel/s","28m"
"1275 MHz ","1175 MHz","AMD","4096 MB ","128 Bit ","1750 MHz","20 GPixel/s","14m"
"1295 MHz ","1175 MHz","AMD","4096 MB ","128 Bit ","1750 MHz","21 GPixel/s","14m"
"1295 MHz ","1175 MHz","AMD","2048 MB ","128 Bit ","1750 MHz","21 GPixel/s","14m"
"1295 MHz ","1175 MHz","AMD","2048 MB ","128 Bit ","1750 MHz","21 GPixel/s","14m"
"1295 MHz ","1175 MHz","AMD","4096 MB ","128 Bit ","1750 MHz","21 GPixel/s","14m"
"1295 MHz ","1175 MHz","AMD","2048 MB ","128 Bit ","1750 MHz","21 GPixel/s","14m"
"1275 MHz ","1175 MHz","AMD","2048 MB ","128 Bit ","1750 MHz","20 GPixel/s","14m"
"1295 MHz ","1175 MHz","AMD","2048 MB ","128 Bit ","1750 MHz","21 GPixel/s","14m"
"1300 MHz ","1175 MHz","AMD","4096 MB ","128 Bit ","1750 MHz","21 GPixel/s","14m"
"1216 MHz ","1175 MHz","AMD","4096 MB ","128 Bit ","1750 MHz","19 GPixel/s","14m"
"1288 MHz ","1175 MHz","AMD","4096 MB ","128 Bit ","1750 MHz","21 GPixel/s","14m"
"1275 MHz ","1180 MHz","AMD","2048 MB ","128 Bit ","1750 MHz","20 GPixel/s","14m"
"1216 MHz ","1175 MHz","AMD","4096 MB ","128 Bit ","1750 MHz","19 GPixel/s","14m"
"1275 MHz ","1180 MHz","AMD","4096 MB ","128 Bit ","1750 MHz","20 GPixel/s","14m"
"1275 MHz ","1180 MHz","AMD","2048 MB ","128 Bit ","1750 MHz","20 GPixel/s","14m"
"1295 MHz ","1175 MHz","AMD","2048 MB ","128 Bit ","1750 MHz","21 GPixel/s","14m"
"1196 MHz ","1175 MHz","AMD","2048 MB ","128 Bit ","1750 MHz","19 GPixel/s","14m"
"1275 MHz ","1180 MHz","AMD","4096 MB ","128 Bit ","1750 MHz","20 GPixel/s","14m"
"1196 MHz ","1175 MHz","AMD","4096 MB ","128 Bit ","1750 MHz","19 GPixel/s","14m"
"1320 MHz ","1175 MHz","AMD","2048 MB ","128 Bit ","1750 MHz","21 GPixel/s","14m"
"1275 MHz ","1180 MHz","AMD","4096 MB ","128 Bit ","1750 MHz","20 GPixel/s","14m"
"1275 MHz ","1175 MHz","AMD","4096 MB ","128 Bit ","1750 MHz","20 GPixel/s","14m"
"1320 MHz ","1175 MHz","AMD","4096 MB ","128 Bit ","1750 MHz","21 GPixel/s","14m"
"1287 MHz ","1175 MHz","AMD","2048 MB ","128 Bit ","1750 MHz","21 GPixel/s","14m"
"1313 MHz ","1175 MHz","AMD","4096 MB ","128 Bit ","1750 MHz","21 GPixel/s","14m"
"1275 MHz ","1175 MHz","AMD","4096 MB ","128 Bit ","1750 MHz","20 GPixel/s","14m"
"1275 MHz ","1180 MHz","AMD","2048 MB ","128 Bit ","1750 MHz","20 GPixel/s","14m"
"1275 MHz ","1175 MHz","AMD","4096 MB ","128 Bit ","1750 MHz","20 GPixel/s","14m"
"1313 MHz ","1175 MHz","AMD","2048 MB ","128 Bit ","1750 MHz","21 GPixel/s","14m"
"1275 MHz ","1175 MHz","AMD","4096 MB ","128 Bit ","1750 MHz","20 GPixel/s","14m"
"1275 MHz ","1175 MHz","AMD","4096 MB ","128 Bit ","1750 MHz","20 GPixel/s","14m"
"1275 MHz ","1175 MHz","AMD","4096 MB ","128 Bit ","1750 MHz","20 GPixel/s","14m"
"1275 MHz ","1175 MHz","AMD","2048 MB ","128 Bit ","1750 MHz","20 GPixel/s","14m"
"1275 MHz ","1175 MHz","AMD","2048 MB ","128 Bit ","1750 MHz","20 GPixel/s","14m"
"1275 MHz ","1175 MHz","AMD","2048 MB ","128 Bit ","1750 MHz","20 GPixel/s","14m"
"1000 MHz ","950 MHz","AMD","6144 MB ","384 Bit ","1500 MHz","64 GPixel/s","28m"
"1000 MHz ","950 MHz","AMD","6144 MB ","384 Bit ","1500 MHz","64 GPixel/s","28m"
"1150 MHz ","1100 MHz","AMD","6144 MB ","384 Bit ","1500 MHz","37 GPixel/s","28m"
"1100 MHz ","1000 MHz","AMD","3072 MB ","384 Bit ","1500 MHz","35 GPixel/s","28m"
"1100 MHz ","1050 MHz","AMD","3072 MB ","384 Bit ","1500 MHz","35 GPixel/s","28m"
"1100 MHz ","1050 MHz","AMD","6144 MB ","384 Bit ","1500 MHz","35 GPixel/s","28m"
"1100 MHz ","1050 MHz","AMD","3072 MB ","384 Bit ","1500 MHz","35 GPixel/s","28m"
"1050 MHz ","1000 MHz","AMD","3072 MB ","384 Bit ","1500 MHz","34 GPixel/s","28m"
"1150 MHz ","1070 MHz","AMD","3072 MB ","384 Bit ","1500 MHz","37 GPixel/s","28m"
"1050 MHz ","1000 MHz","AMD","3072 MB ","384 Bit ","1500 MHz","34 GPixel/s","28m"
"1100 MHz ","1050 MHz","AMD","3072 MB ","384 Bit ","1500 MHz","35 GPixel/s","28m"
"1100 MHz ","1050 MHz","AMD","6144 MB ","384 Bit ","1650 MHz","70 GPixel/s","28m"
"1100 MHz ","1050 MHz","AMD","3072 MB ","384 Bit ","1650 MHz","35 GPixel/s","28m"
"1000 MHz ","900 MHz","AMD","3072 MB ","384 Bit ","1250 MHz","32 GPixel/s","28m"
"930 MHz ","880 MHz","AMD","3072 MB ","384 Bit ","1250 MHz","30 GPixel/s","28m"
"925 MHz ","850 MHz","AMD","3072 MB ","384 Bit ","1250 MHz","30 GPixel/s","28m"
"840 MHz ","830 MHz","AMD","3072 MB ","384 Bit ","1250 MHz","27 GPixel/s","28m"
"960 MHz ","880 MHz","AMD","3072 MB ","384 Bit ","1250 MHz","31 GPixel/s","28m"
"925 MHz ","850 MHz","AMD","6144 MB ","384 Bit ","1250 MHz","59 GPixel/s","28m"
"925 MHz ","850 MHz","AMD","3072 MB ","384 Bit ","1250 MHz","30 GPixel/s","28m"
"975 MHz ","925 MHz","AMD","2048 MB ","256 Bit ","1500 MHz","31 GPixel/s","28m"
"925 MHz ","900 MHz","AMD","2048 MB ","256 Bit ","1400 MHz","30 GPixel/s","28m"
"1050 MHz ","1000 MHz","AMD","2048 MB ","128 Bit ","1150 MHz","8 GPixel/s","28m"
"780 MHz ","730 MHz","AMD","2048 MB ","128 Bit ","900 MHz","6 GPixel/s","28m"
"1019 MHz ","915 MHz","Nvidia","8192 MB ","512 Bit ","1502 MHz","130 GPixel/s","28m"
"1058 MHz ","1006 MHz","Nvidia","4096 MB ","256 Bit ","1502 MHz","34 GPixel/s","28m"
"1019 MHz ","915 MHz","Nvidia","4096 MB ","256 Bit ","1500 MHz","65 GPixel/s","28m"
"1019 MHz ","915 MHz","Nvidia","4096 MB ","512 Bit ","1502 MHz","65 GPixel/s","28m"
"1317 MHz ","1216 MHz","Nvidia","4096 MB ","256 Bit ","1762 MHz","84 GPixel/s","28m"
"1175 MHz ","1110 MHz","Nvidia","2048 MB ","256 Bit ","1652 MHz","38 GPixel/s","28m"
"1058 MHz ","1006 MHz","Nvidia","4096 MB ","256 Bit ","1502 MHz","34 GPixel/s","28m"
"1058 MHz ","1006 MHz","Nvidia","8192 MB ","256 Bit ","1502 MHz","135 GPixel/s","28m"
"1045 MHz ","993 MHz","Nvidia","4096 MB ","512 Bit ","1502 MHz","67 GPixel/s","28m"
"1150 MHz ","1084 MHz","Nvidia","2048 MB ","256 Bit ","1575 MHz","37 GPixel/s","28m"
"1124 MHz ","1058 MHz","Nvidia","2048 MB ","256 Bit ","1502 MHz","36 GPixel/s","28m"
"1058 MHz ","1006 MHz","Nvidia","4096 MB ","256 Bit ","1502 MHz","34 GPixel/s","28m"
"1058 MHz ","1006 MHz","Nvidia","4096 MB ","256 Bit ","1502 MHz","34 GPixel/s","28m"
"1150 MHz ","1084 MHz","Nvidia","2048 MB ","256 Bit ","1575 MHz","37 GPixel/s","28m"
"1058 MHz ","1006 MHz","Nvidia","4096 MB ","256 Bit ","1502 MHz","34 GPixel/s","28m"
"1582 MHz ","1480 MHz","Nvidia","11264 MB ","88 Bit ","1376 MHz","139 GPixel/s","16m"
"1822 MHz ","1683 MHz","Nvidia","8192 MB ","256 Bit ","1251 MHz","117 GPixel/s","16m"
"1759 MHz ","1645 MHz","Nvidia","11264 MB ","176 Bit ","1402 MHz","155 GPixel/s","16m"
"1733 MHz ","1607 MHz","Nvidia","8192 MB ","256 Bit ","1251 MHz","111 GPixel/s","16m"
"1911 MHz ","1771 MHz","Nvidia","8192 MB ","256 Bit ","1350 MHz","122 GPixel/s","16m"
"1582 MHz ","1480 MHz","Nvidia","11264 MB ","88 Bit ","1376 MHz","139 GPixel/s","16m"
"1582 MHz ","1480 MHz","Nvidia","11264 MB ","176 Bit ","1376 MHz","152 GPixel/s","16m"
"1683 MHz ","1569 MHz","Nvidia","11264 MB ","88 Bit ","1376 MHz","148 GPixel/s","16m"
"1582 MHz ","1480 MHz","Nvidia","11264 MB ","88 Bit ","1376 MHz","139 GPixel/s","16m"
"1582 MHz ","1480 MHz","Nvidia","11264 MB ","88 Bit ","1376 MHz","139 GPixel/s","16m"
"1620 MHz ","1506 MHz","Nvidia","11264 MB ","88 Bit ","1376 MHz","143 GPixel/s","16m"
"1683 MHz ","1569 MHz","Nvidia","11264 MB ","88 Bit ","1390 MHz","148 GPixel/s","16m"
"1582 MHz ","1480 MHz","Nvidia","11264 MB ","88 Bit ","1376 MHz","139 GPixel/s","16m"
"1582 MHz ","1480 MHz","Nvidia","11264 MB ","88 Bit ","1376 MHz","139 GPixel/s","16m"
"1582 MHz ","1480 MHz","Nvidia","11264 MB ","88 Bit ","1376 MHz","139 GPixel/s","16m"
"1620 MHz ","1506 MHz","Nvidia","11264 MB ","88 Bit ","1376 MHz","143 GPixel/s","16m"
"1582 MHz ","1480 MHz","Nvidia","11264 MB ","88 Bit ","1376 MHz","139 GPixel/s","16m"
"1645 MHz ","1531 MHz","Nvidia","11264 MB ","88 Bit ","1376 MHz","145 GPixel/s","16m"
"1582 MHz ","1480 MHz","Nvidia","11264 MB ","88 Bit ","1376 MHz","139 GPixel/s","16m"
"1721 MHz ","1607 MHz","Nvidia","11264 MB ","352 Bit ","1426 MHz","151 GPixel/s","16m"
"1582 MHz ","1480 MHz","Nvidia","11264 MB ","88 Bit ","1376 MHz","139 GPixel/s","16m"
"1683 MHz ","1569 MHz","Nvidia","11264 MB ","88 Bit ","1426 MHz","148 GPixel/s","16m"
"1683 MHz ","1569 MHz","Nvidia","11264 MB ","352 Bit ","1426 MHz","148 GPixel/s","16m"
"1582 MHz ","1480 MHz","Nvidia","11264 MB ","88 Bit ","1376 MHz","139 GPixel/s","16m"
"1582 MHz ","1480 MHz","Nvidia","11264 MB ","88 Bit ","1376 MHz","139 GPixel/s","16m"
"1645 MHz ","1531 MHz","Nvidia","11264 MB ","352 Bit ","1376 MHz","145 GPixel/s","16m"
"1582 MHz ","1480 MHz","Nvidia","11264 MB ","88 Bit ","1376 MHz","139 GPixel/s","16m"
"1582 MHz ","1480 MHz","Nvidia","11264 MB ","88 Bit ","1376 MHz","139 GPixel/s","16m"
"1721 MHz ","1607 MHz","Nvidia","11264 MB ","88 Bit ","1426 MHz","151 GPixel/s","16m"
"1582 MHz ","1480 MHz","Nvidia","11264 MB ","176 Bit ","1376 MHz","139 GPixel/s","16m"
"1620 MHz ","1506 MHz","Nvidia","11264 MB ","176 Bit ","1376 MHz","143 GPixel/s","16m"
"1721 MHz ","1607 MHz","Nvidia","11264 MB ","88 Bit ","1404 MHz","151 GPixel/s","16m"
"1582 MHz ","1480 MHz","Nvidia","11264 MB ","352 Bit ","1376 MHz","139 GPixel/s","16m"
"1632 MHz ","1518 MHz","Nvidia","11264 MB ","88 Bit ","1376 MHz","144 GPixel/s","16m"
"1582 MHz ","1480 MHz","Nvidia","11264 MB ","352 Bit ","1376 MHz","139 GPixel/s","16m"
"1670 MHz ","1556 MHz","Nvidia","11264 MB ","88 Bit ","1376 MHz","147 GPixel/s","16m"
"1670 MHz ","1556 MHz","Nvidia","11264 MB ","88 Bit ","1376 MHz","147 GPixel/s","16m"
"1582 MHz ","1480 MHz","Nvidia","11264 MB ","352 Bit ","1376 MHz","139 GPixel/s","16m"
"1582 MHz ","1480 MHz","Nvidia","11264 MB ","88 Bit ","1376 MHz","139 GPixel/s","16m"
"1582 MHz ","1480 MHz","Nvidia","11264 MB ","352 Bit ","1376 MHz","139 GPixel/s","16m"
"1582 MHz ","1480 MHz","Nvidia","11264 MB ","88 Bit ","1376 MHz","139 GPixel/s","16m"
"1683 MHz ","1569 MHz","Nvidia","11264 MB ","88 Bit ","1376 MHz","148 GPixel/s","16m"
"1582 MHz ","1480 MHz","Nvidia","11264 MB ","352 Bit ","1376 MHz","139 GPixel/s","16m"
"1708 MHz ","1594 MHz","Nvidia","11264 MB ","352 Bit ","1388 MHz","150 GPixel/s","16m"
"1582 MHz ","1480 MHz","Nvidia","11264 MB ","352 Bit ","1376 MHz","139 GPixel/s","16m"
"1582 MHz ","1480 MHz","Nvidia","11264 MB ","352 Bit ","1376 MHz","139 GPixel/s","16m"
"1847 MHz ","1708 MHz","Nvidia","8192 MB ","256 Bit ","1251 MHz","118 GPixel/s","16m"
"1733 MHz ","1607 MHz","Nvidia","8192 MB ","256 Bit ","1251 MHz","111 GPixel/s","16m"
"1733 MHz ","1607 MHz","Nvidia","8192 MB ","256 Bit ","1251 MHz","111 GPixel/s","16m"
"1733 MHz ","1607 MHz","Nvidia","16384 MB ","256 Bit ","1251 MHz","222 GPixel/s","16m"
"1733 MHz ","1607 MHz","Nvidia","8192 MB ","256 Bit ","1251 MHz","111 GPixel/s","16m"
"1733 MHz ","1607 MHz","Nvidia","8192 MB ","256 Bit ","1250 MHz","111 GPixel/s","16m"
"1847 MHz ","1708 MHz","Nvidia","8192 MB ","256 Bit ","1263 MHz","118 GPixel/s","16m"
"1733 MHz ","1607 MHz","Nvidia","8192 MB ","256 Bit ","1251 MHz","111 GPixel/s","16m"
"1784 MHz ","1645 MHz","Nvidia","8192 MB ","256 Bit ","1251 MHz","114 GPixel/s","16m"
"1797 MHz ","1657 MHz","Nvidia","8192 MB ","256 Bit ","1251 MHz","115 GPixel/s","16m"
"1582 MHz ","1480 MHz","Nvidia","11264 MB ","88 Bit ","1376 MHz","139 GPixel/s","16m"
"1847 MHz ","1708 MHz","Nvidia","8192 MB ","256 Bit ","1263 MHz","118 GPixel/s","16m"
"1771 MHz ","1632 MHz","Nvidia","8192 MB ","256 Bit ","1251 MHz","113 GPixel/s","16m"
"1733 MHz ","1607 MHz","Nvidia","8192 MB ","256 Bit ","1251 MHz","111 GPixel/s","16m"
"1733 MHz ","1607 MHz","Nvidia","8192 MB ","256 Bit ","1250 MHz","111 GPixel/s","16m"
"1835 MHz ","1695 MHz","Nvidia","8192 MB ","256 Bit ","1251 MHz","117 GPixel/s","16m"
"1860 MHz ","1721 MHz","Nvidia","8192 MB ","256 Bit ","1251 MHz","119 GPixel/s","16m"
"1733 MHz ","1607 MHz","Nvidia","8192 MB ","256 Bit ","1251 MHz","111 GPixel/s","16m"
"1847 MHz ","1708 MHz","Nvidia","8192 MB ","256 Bit ","1251 MHz","118 GPixel/s","16m"
"1733 MHz ","1607 MHz","Nvidia","8192 MB ","256 Bit ","1251 MHz","111 GPixel/s","16m"
"1582 MHz ","1480 MHz","Nvidia","11264 MB ","352 Bit ","1376 MHz","139 GPixel/s","16m"
"1733 MHz ","1607 MHz","Nvidia","8192 MB ","256 Bit ","1251 MHz","111 GPixel/s","16m"
"1771 MHz ","1632 MHz","Nvidia","8192 MB ","256 Bit ","1251 MHz","113 GPixel/s","16m"
"1936 MHz ","1784 MHz","Nvidia","8192 MB ","256 Bit ","1251 MHz","124 GPixel/s","16m"
"1847 MHz ","1708 MHz","Nvidia","8192 MB ","256 Bit ","1251 MHz","118 GPixel/s","16m"
"1733 MHz ","1607 MHz","Nvidia","8192 MB ","256 Bit ","1251 MHz","111 GPixel/s","16m"
"1733 MHz ","1607 MHz","Nvidia","8192 MB ","256 Bit ","1251 MHz","111 GPixel/s","16m"
"1683 MHz ","1506 MHz","Nvidia","8192 MB ","256 Bit ","2125 MHz","108 GPixel/s","16m"
"1797 MHz ","1607 MHz","Nvidia","8192 MB ","256 Bit ","2002 MHz","115 GPixel/s","16m"
"1683 MHz ","1506 MHz","Nvidia","8192 MB ","128 Bit ","2002 MHz","108 GPixel/s","16m"
"1797 MHz ","1607 MHz","Nvidia","8192 MB ","256 Bit ","2027 MHz","115 GPixel/s","16m"
"1873 MHz ","1670 MHz","Nvidia","8192 MB ","256 Bit ","2125 MHz","120 GPixel/s","16m"
"1797 MHz ","1607 MHz","Nvidia","8192 MB ","256 Bit ","2002 MHz","115 GPixel/s","16m"
"1835 MHz ","1632 MHz","Nvidia","8192 MB ","256 Bit ","2052 MHz","117 GPixel/s","16m"
"1733 MHz ","1607 MHz","Nvidia","8192 MB ","256 Bit ","1251 MHz","111 GPixel/s","16m"
"1860 MHz ","1657 MHz","Nvidia","8192 MB ","256 Bit ","2002 MHz","119 GPixel/s","16m"
"1797 MHz ","1607 MHz","Nvidia","8192 MB ","256 Bit ","2027 MHz","115 GPixel/s","16m"
"1835 MHz ","1632 MHz","Nvidia","8192 MB ","256 Bit ","2127 MHz","117 GPixel/s","16m"
"1746 MHz ","1556 MHz","Nvidia","8192 MB ","256 Bit ","2002 MHz","112 GPixel/s","16m"
"1683 MHz ","1506 MHz","Nvidia","8192 MB ","256 Bit ","2002 MHz","108 GPixel/s","16m"
"1759 MHz ","1569 MHz","Nvidia","8192 MB ","256 Bit ","2002 MHz","113 GPixel/s","16m"
"1898 MHz ","1695 MHz","Nvidia","8192 MB ","256 Bit ","2002 MHz","121 GPixel/s","16m"
"1746 MHz ","1556 MHz","Nvidia","8192 MB ","256 Bit ","2002 MHz","112 GPixel/s","16m"
"1771 MHz ","1582 MHz","Nvidia","8192 MB ","256 Bit ","2002 MHz","113 GPixel/s","16m"
"1721 MHz ","1531 MHz","Nvidia","8192 MB ","256 Bit ","2002 MHz","110 GPixel/s","16m"
"1683 MHz ","1506 MHz","Nvidia","8192 MB ","256 Bit ","2002 MHz","108 GPixel/s","16m"
"1683 MHz ","1506 MHz","Nvidia","8192 MB ","256 Bit ","2002 MHz","108 GPixel/s","16m"
"1860 MHz ","1657 MHz","Nvidia","8192 MB ","256 Bit ","2002 MHz","119 GPixel/s","16m"
"1784 MHz ","1594 MHz","Nvidia","8192 MB ","256 Bit ","2002 MHz","114 GPixel/s","16m"
"1683 MHz ","1506 MHz","Nvidia","8192 MB ","256 Bit ","2002 MHz","108 GPixel/s","16m"
"1708 MHz ","1518 MHz","Nvidia","8192 MB ","256 Bit ","2002 MHz","109 GPixel/s","16m"
"1873 MHz ","1670 MHz","Nvidia","8192 MB ","256 Bit ","2127 MHz","120 GPixel/s","16m"
"1784 MHz ","1594 MHz","Nvidia","8192 MB ","256 Bit ","2002 MHz","114 GPixel/s","16m"
"1683 MHz ","1506 MHz","Nvidia","8192 MB ","256 Bit ","2002 MHz","108 GPixel/s","16m"
"1683 MHz ","1506 MHz","Nvidia","8192 MB ","256 Bit ","2002 MHz","108 GPixel/s","16m"
"1683 MHz ","1506 MHz","Nvidia","8192 MB ","256 Bit ","2002 MHz","108 GPixel/s","16m"
"1860 MHz ","1657 MHz","Nvidia","8192 MB ","256 Bit ","2002 MHz","119 GPixel/s","16m"
"1860 MHz ","1657 MHz","Nvidia","8192 MB ","256 Bit ","2002 MHz","119 GPixel/s","16m"
"1683 MHz ","1506 MHz","Nvidia","8192 MB ","256 Bit ","2002 MHz","108 GPixel/s","16m"
"1822 MHz ","1620 MHz","Nvidia","8192 MB ","256 Bit ","2002 MHz","117 GPixel/s","16m"
"1721 MHz ","1531 MHz","Nvidia","8192 MB ","256 Bit ","2002 MHz","110 GPixel/s","16m"
"1721 MHz ","1531 MHz","Nvidia","8192 MB ","256 Bit ","2002 MHz","110 GPixel/s","16m"
"1683 MHz ","1506 MHz","Nvidia","8192 MB ","128 Bit ","2002 MHz","108 GPixel/s","16m"
"1683 MHz ","1506 MHz","Nvidia","8192 MB ","256 Bit ","2002 MHz","108 GPixel/s","16m"
"1771 MHz ","1582 MHz","Nvidia","8192 MB ","256 Bit ","2002 MHz","113 GPixel/s","16m"
"1847 MHz ","1620 MHz","Nvidia","6144 MB ","192 Bit ","2002 MHz","89 GPixel/s","16m"
"1708 MHz ","1506 MHz","Nvidia","6144 MB ","192 Bit ","2002 MHz","82 GPixel/s","16m"
"1709 MHz ","1506 MHz","Nvidia","6144 MB ","192 Bit ","2002 MHz","82 GPixel/s","16m"
"1771 MHz ","1556 MHz","Nvidia","6144 MB ","192 Bit ","2002 MHz","85 GPixel/s","16m"
"1683 MHz ","1506 MHz","Nvidia","8192 MB ","256 Bit ","2002 MHz","108 GPixel/s","16m"
"1784 MHz ","1569 MHz","Nvidia","6144 MB ","192 Bit ","2002 MHz","86 GPixel/s","16m"
"1733 MHz ","1518 MHz","Nvidia","6144 MB ","192 Bit ","2002 MHz","83 GPixel/s","16m"
"1759 MHz ","1544 MHz","Nvidia","6144 MB ","192 Bit ","2027 MHz","84 GPixel/s","16m"
"1759 MHz ","1544 MHz","Nvidia","6144 MB ","192 Bit ","2027 MHz","84 GPixel/s","16m"
"1771 MHz ","1556 MHz","Nvidia","6144 MB ","192 Bit ","2002 MHz","85 GPixel/s","16m"
"1835 MHz ","1632 MHz","Nvidia","8192 MB ","256 Bit ","2127 MHz","117 GPixel/s","16m"
"1784 MHz ","1569 MHz","Nvidia","6144 MB ","192 Bit ","2052 MHz","86 GPixel/s","16m"
"1784 MHz ","1569 MHz","Nvidia","6144 MB ","192 Bit ","2002 MHz","86 GPixel/s","16m"
"1847 MHz ","1620 MHz","Nvidia","6144 MB ","192 Bit ","2002 MHz","89 GPixel/s","16m"
"1759 MHz ","1544 MHz","Nvidia","6144 MB ","192 Bit ","2002 MHz","84 GPixel/s","16m"
"1709 MHz ","1506 MHz","Nvidia","6144 MB ","192 Bit ","2002 MHz","82 GPixel/s","16m"
"1746 MHz ","1531 MHz","Nvidia","6144 MB ","192 Bit ","2002 MHz","84 GPixel/s","16m"
"1771 MHz ","1556 MHz","Nvidia","6144 MB ","192 Bit ","2002 MHz","85 GPixel/s","16m"
"1809 MHz ","1594 MHz","Nvidia","6144 MB ","192 Bit ","2002 MHz","87 GPixel/s","16m"
"1733 MHz ","1518 MHz","Nvidia","3072 MB ","192 Bit ","2002 MHz","83 GPixel/s","16m"
"1847 MHz ","1620 MHz","Nvidia","6144 MB ","192 Bit ","2002 MHz","89 GPixel/s","16m"
"1845 MHz ","1617 MHz","Nvidia","6144 MB ","192 Bit ","2002 MHz","89 GPixel/s","16m"
"1835 MHz ","1607 MHz","Nvidia","6144 MB ","192 Bit ","2002 MHz","88 GPixel/s","16m"
"1709 MHz ","1506 MHz","Nvidia","6144 MB ","192 Bit ","2002 MHz","82 GPixel/s","16m"
"1708 MHz ","1506 MHz","Nvidia","6144 MB ","192 Bit ","2002 MHz","82 GPixel/s","16m"
"1873 MHz ","1645 MHz","Nvidia","6144 MB ","192 Bit ","2027 MHz","90 GPixel/s","16m"
"1865 MHz ","1637 MHz","Nvidia","6144 MB ","192 Bit ","2002 MHz","90 GPixel/s","16m"
"1785 MHz ","1570 MHz","Nvidia","6144 MB ","192 Bit ","2002 MHz","86 GPixel/s","16m"
"1709 MHz ","1506 MHz","Nvidia","6144 MB ","192 Bit ","2002 MHz","82 GPixel/s","16m"
"1709 MHz ","1506 MHz","Nvidia","6144 MB ","192 Bit ","2002 MHz","82 GPixel/s","16m"
"1709 MHz ","1506 MHz","Nvidia","6144 MB ","192 Bit ","2002 MHz","82 GPixel/s","16m"
"1455 MHz ","1354 MHz","Nvidia","2048 MB ","128 Bit ","1752 MHz","47 GPixel/s","14m"
"1506 MHz ","1392 MHz","Nvidia","4096 MB ","128 Bit ","1752 MHz","48 GPixel/s","16m"
"1417 MHz ","1303 MHz","Nvidia","4096 MB ","128 Bit ","1752 MHz","45 GPixel/s","16m"
"1480 MHz ","1366 MHz","Nvidia","4096 MB ","128 Bit ","1752 MHz","47 GPixel/s","16m"
"1455 MHz ","1341 MHz","Nvidia","4096 MB ","128 Bit ","1752 MHz","47 GPixel/s","16m"
"1392 MHz ","1290 MHz","Nvidia","4096 MB ","128 Bit ","1752 MHz","45 GPixel/s","16m"
"1430 MHz ","1316 MHz","Nvidia","4096 MB ","128 Bit ","1752 MHz","46 GPixel/s","16m"
"1417 MHz ","1303 MHz","Nvidia","4096 MB ","128 Bit ","1752 MHz","45 GPixel/s","16m"
"1392 MHz ","1290 MHz","Nvidia","4096 MB ","128 Bit ","1752 MHz","45 GPixel/s","16m"
"1392 MHz ","1290 MHz","Nvidia","4096 MB ","128 Bit ","1752 MHz","45 GPixel/s","16m"
"1392 MHz ","1290 MHz","Nvidia","4096 MB ","128 Bit ","1752 MHz","45 GPixel/s","16m"
"1493 MHz ","1379 MHz","Nvidia","4096 MB ","128 Bit ","1752 MHz","48 GPixel/s","16m"
"1468 MHz ","1354 MHz","Nvidia","4096 MB ","128 Bit ","1752 MHz","47 GPixel/s","14m"
"1392 MHz ","1290 MHz","Nvidia","4096 MB ","128 Bit ","1752 MHz","45 GPixel/s","16m"
"1468 MHz ","1354 MHz","Nvidia","4096 MB ","128 Bit ","1752 MHz","47 GPixel/s","16m"
"1455 MHz ","1341 MHz","Nvidia","4096 MB ","128 Bit ","1752 MHz","47 GPixel/s","16m"
"1430 MHz ","1316 MHz","Nvidia","4096 MB ","128 Bit ","1752 MHz","46 GPixel/s","16m"
"1506 MHz ","1392 MHz","Nvidia","4096 MB ","128 Bit ","1752 MHz","48 GPixel/s","16m"
"1392 MHz ","1290 MHz","Nvidia","4096 MB ","128 Bit ","1752 MHz","45 GPixel/s","16m"
"1392 MHz ","1290 MHz","Nvidia","4096 MB ","128 Bit ","1752 MHz","45 GPixel/s","16m"
"1392 MHz ","1290 MHz","Nvidia","4096 MB ","128 Bit ","1752 MHz","45 GPixel/s","16m"
"1455 MHz ","1341 MHz","Nvidia","4096 MB ","128 Bit ","1752 MHz","47 GPixel/s","16m"
"1417 MHz ","1303 MHz","Nvidia","4096 MB ","128 Bit ","1752 MHz","45 GPixel/s","16m"
"1480 MHz ","1366 MHz","Nvidia","4096 MB ","128 Bit ","1752 MHz","47 GPixel/s","16m"
"1392 MHz ","1290 MHz","Nvidia","4096 MB ","128 Bit ","1752 MHz","45 GPixel/s","16m"
"1493 MHz ","1379 MHz","Nvidia","4096 MB ","128 Bit ","1752 MHz","48 GPixel/s","16m"
"1506 MHz ","1392 MHz","Nvidia","4096 MB ","128 Bit ","1752 MHz","48 GPixel/s","16m"
"1480 MHz ","1366 MHz","Nvidia","4096 MB ","128 Bit ","1752 MHz","47 GPixel/s","16m"
"1468 MHz ","1354 MHz","Nvidia","4096 MB ","128 Bit ","1752 MHz","47 GPixel/s","16m"
"1392 MHz ","1290 MHz","Nvidia","4096 MB ","128 Bit ","1752 MHz","45 GPixel/s","16m"
"1455 MHz ","1354 MHz","Nvidia","2048 MB ","128 Bit ","1752 MHz","47 GPixel/s","14m"
"1392 MHz ","1290 MHz","Nvidia","4096 MB ","128 Bit ","1752 MHz","45 GPixel/s","16m"
"1392 MHz ","1290 MHz","Nvidia","4096 MB ","128 Bit ","1752 MHz","45 GPixel/s","16m"
"1392 MHz ","1290 MHz","Nvidia","4096 MB ","128 Bit ","1752 MHz","45 GPixel/s","16m"
"1455 MHz ","1354 MHz","Nvidia","2048 MB ","128 Bit ","1752 MHz","47 GPixel/s","14m"
"1518 MHz ","1404 MHz","Nvidia","2048 MB ","128 Bit ","1752 MHz","49 GPixel/s","14m"
"1493 MHz ","1379 MHz","Nvidia","2048 MB ","128 Bit ","1752 MHz","48 GPixel/s","14m"
"1518 MHz ","1404 MHz","Nvidia","2048 MB ","128 Bit ","1752 MHz","49 GPixel/s","14m"
"1556 MHz ","1442 MHz","Nvidia","2048 MB ","128 Bit ","1752 MHz","50 GPixel/s","14m"
"1468 MHz ","1366 MHz","Nvidia","2048 MB ","128 Bit ","1752 MHz","47 GPixel/s","14m"
"1455 MHz ","1354 MHz","Nvidia","2048 MB ","128 Bit ","1752 MHz","47 GPixel/s","14m"
"1455 MHz ","1354 MHz","Nvidia","2048 MB ","128 Bit ","1752 MHz","47 GPixel/s","14m"
"1518 MHz ","1404 MHz","Nvidia","2048 MB ","128 Bit ","1752 MHz","49 GPixel/s","14m"
"1493 MHz ","1379 MHz","Nvidia","2048 MB ","128 Bit ","1752 MHz","48 GPixel/s","14m"
"1468 MHz ","1366 MHz","Nvidia","2048 MB ","128 Bit ","1752 MHz","47 GPixel/s","14m"
"1455 MHz ","1354 MHz","Nvidia","2048 MB ","128 Bit ","1752 MHz","47 GPixel/s","14m"
"1531 MHz ","1417 MHz","Nvidia","2048 MB ","128 Bit ","1752 MHz","49 GPixel/s","14m"
"1556 MHz ","1442 MHz","Nvidia","2048 MB ","128 Bit ","1752 MHz","50 GPixel/s","14m"
"1531 MHz ","1417 MHz","Nvidia","2048 MB ","128 Bit ","1752 MHz","49 GPixel/s","14m"
"1455 MHz ","1354 MHz","Nvidia","2048 MB ","128 Bit ","1752 MHz","47 GPixel/s","14m"
"1455 MHz ","1354 MHz","Nvidia","2048 MB ","128 Bit ","1752 MHz","47 GPixel/s","14m"
"1544 MHz ","1430 MHz","Nvidia","2048 MB ","128 Bit ","1752 MHz","49 GPixel/s","14m"
"1455 MHz ","1354 MHz","Nvidia","2048 MB ","128 Bit ","1752 MHz","47 GPixel/s","14m"
"1556 MHz ","1442 MHz","Nvidia","2048 MB ","128 Bit ","1752 MHz","50 GPixel/s","14m"
"1531 MHz ","1417 MHz","Nvidia","2048 MB ","128 Bit ","1752 MHz","49 GPixel/s","14m"
"1176 MHz ","1110 MHz","Nvidia","2048 MB ","256 Bit ","1502 MHz","38 GPixel/s","28m"
"1455 MHz ","1354 MHz","Nvidia","2048 MB ","128 Bit ","1752 MHz","47 GPixel/s","14m"
"1556 MHz ","1442 MHz","Nvidia","2048 MB ","128 Bit ","1752 MHz","50 GPixel/s","14m"
"1176 MHz ","1100 MHz","Nvidia","2048 MB ","256 Bit ","1502 MHz","38 GPixel/s","28m"
"1137 MHz ","1071 MHz","Nvidia","2048 MB ","256 Bit ","1502 MHz","36 GPixel/s","28m"
"1058 MHz ","1006 MHz","Nvidia","2048 MB ","256 Bit ","1502 MHz","34 GPixel/s","28m"
"1058 MHz ","1006 MHz","Nvidia","4096 MB ","256 Bit ","1502 MHz","34 GPixel/s","28m"
"1202 MHz ","1137 MHz","Nvidia","2048 MB ","256 Bit ","1550 MHz","38 GPixel/s","28m"
"1215 MHz ","1150 MHz","Nvidia","2048 MB ","256 Bit ","1575 MHz","39 GPixel/s","28m"
"1176 MHz ","1110 MHz","Nvidia","4096 MB ","256 Bit ","1502 MHz","38 GPixel/s","28m"
"1267 MHz ","1202 MHz","Nvidia","2048 MB ","256 Bit ","1502 MHz","41 GPixel/s","28m"
"1176 MHz ","1110 MHz","Nvidia","2048 MB ","256 Bit ","1502 MHz","38 GPixel/s","28m"
"1058 MHz ","1006 MHz","Nvidia","4096 MB ","256 Bit ","1502 MHz","34 GPixel/s","28m"
"1137 MHz ","1071 MHz","Nvidia","4096 MB ","256 Bit ","1502 MHz","36 GPixel/s","28m"
"1163 MHz ","1097 MHz","Nvidia","2048 MB ","256 Bit ","1552 MHz","37 GPixel/s","28m"
"1176 MHz ","1110 MHz","Nvidia","2048 MB ","256 Bit ","1502 MHz","38 GPixel/s","28m"
"1124 MHz ","1058 MHz","Nvidia","2048 MB ","256 Bit ","1552 MHz","36 GPixel/s","28m"
"1150 MHz ","1084 MHz","Nvidia","2048 MB ","256 Bit ","1502 MHz","37 GPixel/s","28m"
"1150 MHz ","1084 MHz","Nvidia","2048 MB ","256 Bit ","1552 MHz","37 GPixel/s","28m"
"1176 MHz ","1111 MHz","Nvidia","4096 MB ","256 Bit ","1502 MHz","38 GPixel/s","28m"
"1176 MHz ","1110 MHz","Nvidia","4096 MB ","256 Bit ","1502 MHz","38 GPixel/s","28m"
"1058 MHz ","1006 MHz","Nvidia","4096 MB ","256 Bit ","1502 MHz","34 GPixel/s","28m"
"1058 MHz ","1006 MHz","Nvidia","2048 MB ","256 Bit ","1502 MHz","34 GPixel/s","28m"
"1006 MHz ","928 MHz","Nvidia","4096 MB ","256 Bit ","1502 MHz","32 GPixel/s","28m"
"1201 MHz ","1137 MHz","Nvidia","2048 MB ","256 Bit ","1502 MHz","38 GPixel/s","28m"
"1176 MHz ","1098 MHz","Nvidia","2048 MB ","256 Bit ","1652 MHz","38 GPixel/s","28m"
"1137 MHz ","1058 MHz","Nvidia","2048 MB ","256 Bit ","1502 MHz","36 GPixel/s","28m"
"980 MHz ","915 MHz","Nvidia","4096 MB ","256 Bit ","1502 MHz","63 GPixel/s","28m"
"980 MHz ","915 MHz","Nvidia","2048 MB ","256 Bit ","1502 MHz","31 GPixel/s","28m"
"1046 MHz ","967 MHz","Nvidia","2048 MB ","256 Bit ","1502 MHz","33 GPixel/s","28m"
"980 MHz ","915 MHz","Nvidia","2048 MB ","256 Bit ","1502 MHz","31 GPixel/s","28m"
"1084 MHz ","1006 MHz","Nvidia","2048 MB ","256 Bit ","1527 MHz","35 GPixel/s","28m"
"1058 MHz ","980 MHz","Nvidia","4096 MB ","256 Bit ","1502 MHz","34 GPixel/s","28m"
"1046 MHz ","965 MHz","Nvidia","2048 MB ","256 Bit ","1502 MHz","33 GPixel/s","28m"
"1058 MHz ","980 MHz","Nvidia","2048 MB ","256 Bit ","1502 MHz","34 GPixel/s","28m"
"1084 MHz ","1006 MHz","Nvidia","2048 MB ","256 Bit ","1527 MHz","35 GPixel/s","28m"
"1019 MHz ","941 MHz","Nvidia","2048 MB ","256 Bit ","1502 MHz","33 GPixel/s","28m"
"1085 MHz ","1006 MHz","Nvidia","2048 MB ","256 Bit ","1502 MHz","35 GPixel/s","28m"
"1046 MHz ","967 MHz","Nvidia","4096 MB ","256 Bit ","1502 MHz","33 GPixel/s","28m"
"1085 MHz ","1006 MHz","Nvidia","4096 MB ","256 Bit ","1502 MHz","35 GPixel/s","28m"
"1084 MHz ","1006 MHz","Nvidia","2048 MB ","256 Bit ","1552 MHz","35 GPixel/s","28m"
"1084 MHz ","1006 MHz","Nvidia","4096 MB ","256 Bit ","1502 MHz","35 GPixel/s","28m"
"980 MHz ","915 MHz","Nvidia","2048 MB ","256 Bit ","1502 MHz","31 GPixel/s","28m"
"1079 MHz ","1019 MHz","Nvidia","2048 MB ","256 Bit ","1502 MHz","35 GPixel/s","28m"
"1019 MHz ","941 MHz","Nvidia","2048 MB ","256 Bit ","1502 MHz","33 GPixel/s","28m"
"1137 MHz ","1058 MHz","Nvidia","2048 MB ","256 Bit ","1502 MHz","36 GPixel/s","28m"
"980 MHz ","915 MHz","Nvidia","2048 MB ","256 Bit ","1502 MHz","31 GPixel/s","28m"
"1058 MHz ","980 MHz","Nvidia","2048 MB ","256 Bit ","1502 MHz","34 GPixel/s","28m"
"1006 MHz ","928 MHz","Nvidia","2048 MB ","256 Bit ","1502 MHz","32 GPixel/s","28m"
"1084 MHz ","1006 MHz","Nvidia","4096 MB ","512 Bit ","1502 MHz","69 GPixel/s","28m"
"980 MHz ","915 MHz","Nvidia","4096 MB ","256 Bit ","1502 MHz","31 GPixel/s","28m"
"980 MHz ","915 MHz","Nvidia","2048 MB ","256 Bit ","1502 MHz","31 GPixel/s","28m"
"1059 MHz ","993 MHz","Nvidia","2048 MB ","192 Bit ","1502 MHz","25 GPixel/s","28m"
"1059 MHz ","993 MHz","Nvidia","2048 MB ","192 Bit ","1502 MHz","25 GPixel/s","28m"
"1111 MHz ","1046 MHz","Nvidia","2048 MB ","192 Bit ","1652 MHz","27 GPixel/s","28m"
"1058 MHz ","993 MHz","Nvidia","2048 MB ","192 Bit ","1502 MHz","25 GPixel/s","28m"
"1098 MHz ","1033 MHz","Nvidia","4096 MB ","192 Bit ","1502 MHz","53 GPixel/s","28m"
"980 MHz ","915 MHz","Nvidia","2048 MB ","256 Bit ","1502 MHz","31 GPixel/s","28m"
"1098 MHz ","1033 MHz","Nvidia","2048 MB ","192 Bit ","1502 MHz","26 GPixel/s","28m"
"1033 MHz ","980 MHz","Nvidia","2048 MB ","192 Bit ","1502 MHz","25 GPixel/s","28m"
"1098 MHz ","1033 MHz","Nvidia","2048 MB ","192 Bit ","1502 MHz","26 GPixel/s","28m"
"1006 MHz ","928 MHz","Nvidia","2048 MB ","192 Bit ","1502 MHz","24 GPixel/s","28m"
"1176 MHz ","1098 MHz","Nvidia","2048 MB ","192 Bit ","1652 MHz","28 GPixel/s","28m"
"1111 MHz ","1033 MHz","Nvidia","2048 MB ","192 Bit ","1652 MHz","27 GPixel/s","28m"
"1110 MHz ","1032 MHz","Nvidia","2048 MB ","192 Bit ","1502 MHz","27 GPixel/s","28m"
"1046 MHz ","967 MHz","Nvidia","3072 MB ","192 Bit ","1502 MHz","25 GPixel/s","28m"
"1059 MHz ","980 MHz","Nvidia","3072 MB ","192 Bit ","1502 MHz","25 GPixel/s","28m"
"980 MHz ","915 MHz","Nvidia","4096 MB ","192 Bit ","1502 MHz","47 GPixel/s","28m"
"1097 MHz ","1019 MHz","Nvidia","2048 MB ","192 Bit ","1502 MHz","26 GPixel/s","28m"
"980 MHz ","915 MHz","Nvidia","2048 MB ","192 Bit ","1502 MHz","24 GPixel/s","28m"
"980 MHz ","915 MHz","Nvidia","2048 MB ","192 Bit ","1502 MHz","24 GPixel/s","28m"
"1097 MHz ","1019 MHz","Nvidia","4096 MB ","192 Bit ","1502 MHz","53 GPixel/s","28m"
"1098 MHz ","1033 MHz","Nvidia","2048 MB ","192 Bit ","1502 MHz","26 GPixel/s","28m"
"1084 MHz ","1006 MHz","Nvidia","3072 MB ","192 Bit ","1502 MHz","26 GPixel/s","28m"
"1020 MHz ","941 MHz","Nvidia","2048 MB ","192 Bit ","1502 MHz","24 GPixel/s","28m"
"1084 MHz ","1006 MHz","Nvidia","2048 MB ","192 Bit ","1502 MHz","26 GPixel/s","28m"
"980 MHz ","915 MHz","Nvidia","2048 MB ","192 Bit ","1502 MHz","24 GPixel/s","28m"
"1084 MHz ","1006 MHz","Nvidia","2048 MB ","192 Bit ","1527 MHz","26 GPixel/s","28m"
"1110 MHz ","1032 MHz","Nvidia","4096 MB ","192 Bit ","1502 MHz","53 GPixel/s","28m"
"1084 MHz ","1006 MHz","Nvidia","3072 MB ","192 Bit ","1502 MHz","26 GPixel/s","28m"
"1111 MHz ","1032 MHz","Nvidia","3072 MB ","192 Bit ","1502 MHz","27 GPixel/s","28m"
"980 MHz ","915 MHz","Nvidia","2048 MB ","192 Bit ","1502 MHz","24 GPixel/s","28m"
"1084 MHz ","1006 MHz","Nvidia","2048 MB ","192 Bit ","1527 MHz","26 GPixel/s","28m"
"1124 MHz ","1046 MHz","Nvidia","2048 MB ","192 Bit ","1502 MHz","27 GPixel/s","28m"
"1084 MHz ","1006 MHz","Nvidia","2048 MB ","192 Bit ","1502 MHz","26 GPixel/s","28m"
"1137 MHz ","1059 MHz","Nvidia","2048 MB ","192 Bit ","1502 MHz","27 GPixel/s","28m"
"1150 MHz ","1084 MHz","Nvidia","2048 MB ","192 Bit ","1525 MHz","28 GPixel/s","28m"
"1059 MHz ","980 MHz","Nvidia","2048 MB ","192 Bit ","1502 MHz","25 GPixel/s","28m"
"980 MHz ","915 MHz","Nvidia","2048 MB ","192 Bit ","1502 MHz","24 GPixel/s","28m"
"1124 MHz ","1046 MHz","Nvidia","2048 MB ","192 Bit ","1502 MHz","27 GPixel/s","28m"
"980 MHz ","915 MHz","Nvidia","6144 MB ","192 Bit ","1502 MHz","71 GPixel/s","28m"
"1072 MHz ","1006 MHz","Nvidia","2048 MB ","192 Bit ","1527 MHz","26 GPixel/s","28m"
"980 MHz ","915 MHz","Nvidia","2048 MB ","192 Bit ","1502 MHz","24 GPixel/s","28m"
"1058 MHz ","967 MHz","Nvidia","2048 MB ","192 Bit ","1502 MHz","25 GPixel/s","28m"
"1198 MHz ","1106 MHz","Nvidia","2048 MB ","192 Bit ","1702 MHz","29 GPixel/s","28m"
"1032 MHz ","980 MHz","Nvidia","2048 MB ","192 Bit ","1502 MHz","25 GPixel/s","28m"
"1072 MHz ","1006 MHz","Nvidia","2048 MB ","192 Bit ","1502 MHz","26 GPixel/s","28m"
"1072 MHz ","1006 MHz","Nvidia","2048 MB ","192 Bit ","1502 MHz","26 GPixel/s","28m"
"1033 MHz ","980 MHz","Nvidia","4096 MB ","192 Bit ","1502 MHz","50 GPixel/s","28m"
"1072 MHz ","1006 MHz","Nvidia","2048 MB ","192 Bit ","1527 MHz","26 GPixel/s","28m"
"1150 MHz ","1085 MHz","Nvidia","2048 MB ","192 Bit ","1502 MHz","28 GPixel/s","28m"
"1033 MHz ","980 MHz","Nvidia","2048 MB ","192 Bit ","1502 MHz","25 GPixel/s","28m"
"1098 MHz ","1033 MHz","Nvidia","3072 MB ","192 Bit ","1502 MHz","26 GPixel/s","28m"
"1098 MHz ","1033 MHz","Nvidia","2048 MB ","192 Bit ","1502 MHz","26 GPixel/s","28m"
"1098 MHz ","1033 MHz","Nvidia","4096 MB ","192 Bit ","1502 MHz","53 GPixel/s","28m"
"1111 MHz ","1046 MHz","Nvidia","2048 MB ","192 Bit ","1502 MHz","27 GPixel/s","28m"
"1111 MHz ","1046 MHz","Nvidia","6144 MB ","192 Bit ","1502 MHz","53 GPixel/s","28m"
"1072 MHz ","1006 MHz","Nvidia","2048 MB ","192 Bit ","1502 MHz","26 GPixel/s","28m"
"1032 MHz ","980 MHz","Nvidia","2048 MB ","192 Bit ","1502 MHz","25 GPixel/s","28m"
"1111 MHz ","1046 MHz","Nvidia","3072 MB ","192 Bit ","1502 MHz","27 GPixel/s","28m"
"1058 MHz ","993 MHz","Nvidia","2048 MB ","192 Bit ","1502 MHz","25 GPixel/s","28m"
"1137 MHz ","1072 MHz","Nvidia","3072 MB ","192 Bit ","1502 MHz","27 GPixel/s","28m"
"1137 MHz ","1072 MHz","Nvidia","2048 MB ","192 Bit ","1502 MHz","27 GPixel/s","28m"
"1137 MHz ","1072 MHz","Nvidia","2048 MB ","192 Bit ","1527 MHz","27 GPixel/s","28m"
"1085 MHz ","1020 MHz","Nvidia","2048 MB ","192 Bit ","1502 MHz","26 GPixel/s","28m"
"1032 MHz ","980 MHz","Nvidia","2048 MB ","192 Bit ","1502 MHz","25 GPixel/s","28m"
"888 MHz ","823 MHz","Nvidia","3072 MB ","192 Bit ","1400 MHz","21 GPixel/s","28m"
"888 MHz ","823 MHz","Nvidia","1536 MB ","192 Bit ","1400 MHz","21 GPixel/s","28m"
"1059 MHz ","993 MHz","Nvidia","2048 MB ","192 Bit ","1502 MHz","25 GPixel/s","28m"
"1033 MHz ","980 MHz","Nvidia","2048 MB ","192 Bit ","1502 MHz","25 GPixel/s","28m"
"1058 MHz ","1006 MHz","Nvidia","2048 MB ","192 Bit ","1502 MHz","25 GPixel/s","28m"
"1098 MHz ","1033 MHz","Nvidia","2048 MB ","192 Bit ","1502 MHz","26 GPixel/s","28m"
"1137 MHz ","1072 MHz","Nvidia","2048 MB ","192 Bit ","1502 MHz","27 GPixel/s","28m"
"1137 MHz ","1072 MHz","Nvidia","1024 MB ","192 Bit ","1253 MHz","27 GPixel/s","28m"
"1072 MHz ","1006 MHz","Nvidia","2048 MB ","192 Bit ","1527 MHz","26 GPixel/s","28m"
"1032 MHz ","980 MHz","Nvidia","1024 MB ","192 Bit ","1253 MHz","25 GPixel/s","28m"
"1072 MHz ","1006 MHz","Nvidia","1024 MB ","192 Bit ","1276 MHz","26 GPixel/s","28m"
"1072 MHz ","1006 MHz","Nvidia","2048 MB ","192 Bit ","1502 MHz","26 GPixel/s","28m"
"1089 MHz ","1032 MHz","Nvidia","1024 MB ","192 Bit ","1502 MHz","26 GPixel/s","28m"
"1098 MHz ","1033 MHz","Nvidia","2048 MB ","192 Bit ","1502 MHz","26 GPixel/s","28m"
"1033 MHz ","980 MHz","Nvidia","2048 MB ","192 Bit ","1502 MHz","25 GPixel/s","28m"
"1085 MHz ","1020 MHz","Nvidia","2048 MB ","192 Bit ","1502 MHz","26 GPixel/s","28m"
"888 MHz ","823 MHz","Nvidia","1024 MB ","128 Bit ","1000 MHz","14 GPixel/s","28m"
"1304 MHz ","1202 MHz","Nvidia","4096 MB ","256 Bit ","1800 MHz","83 GPixel/s","28m"
"1393 MHz ","1291 MHz","Nvidia","8192 MB ","256 Bit ","1800 MHz","39 GPixel/s","28m"
"1393 MHz ","1291 MHz","Nvidia","4096 MB ","256 Bit ","1800 MHz","89 GPixel/s","28m"
"1216 MHz ","1126 MHz","Nvidia","4096 MB ","256 Bit ","1753 MHz","78 GPixel/s","28m"
"1266 MHz ","1165 MHz","Nvidia","4096 MB ","256 Bit ","1753 MHz","81 GPixel/s","28m"
"1114 MHz ","1025 MHz","Nvidia","6144 MB ","384 Bit ","1753 MHz","107 GPixel/s","28m"
"1140 MHz ","1051 MHz","Nvidia","6144 MB ","384 Bit ","1753 MHz","109 GPixel/s","28m"
"1355 MHz ","1253 MHz","Nvidia","12288 MB ","384 Bit ","1803 MHz","260 GPixel/s","28m"
"1355 MHz ","1253 MHz","Nvidia","6144 MB ","384 Bit ","1803 MHz","130 GPixel/s","28m"
"1076 MHz ","1000 MHz","Nvidia","6144 MB ","384 Bit ","1753 MHz","103 GPixel/s","28m"
"1266 MHz ","1165 MHz","Nvidia","6144 MB ","384 Bit ","1753 MHz","122 GPixel/s","28m"
"1241 MHz ","1152 MHz","Nvidia","6144 MB ","384 Bit ","1753 MHz","119 GPixel/s","28m"
"1076 MHz ","1000 MHz","Nvidia","6144 MB ","384 Bit ","1753 MHz","103 GPixel/s","28m"
"1076 MHz ","1000 MHz","Nvidia","6144 MB ","384 Bit ","1753 MHz","103 GPixel/s","28m"
"1291 MHz ","1190 MHz","Nvidia","6144 MB ","384 Bit ","1774 MHz","124 GPixel/s","28m"
"1291 MHz ","1190 MHz","Nvidia","6144 MB ","384 Bit ","1774 MHz","124 GPixel/s","28m"
"1076 MHz ","1000 MHz","Nvidia","6144 MB ","384 Bit ","1753 MHz","103 GPixel/s","28m"
"1279 MHz ","1178 MHz","Nvidia","12288 MB ","384 Bit ","1775 MHz","246 GPixel/s","28m"
"1304 MHz ","1203 MHz","Nvidia","6144 MB ","384 Bit ","1774 MHz","125 GPixel/s","28m"
"1190 MHz ","1102 MHz","Nvidia","6144 MB ","384 Bit ","1753 MHz","114 GPixel/s","28m"
"1241 MHz ","1152 MHz","Nvidia","6144 MB ","384 Bit ","1800 MHz","119 GPixel/s","28m"
"1241 MHz ","1152 MHz","Nvidia","6144 MB ","384 Bit ","1800 MHz","119 GPixel/s","28m"
"1317 MHz ","1216 MHz","Nvidia","6144 MB ","384 Bit ","1800 MHz","126 GPixel/s","28m"
"1279 MHz ","1178 MHz","Nvidia","6144 MB ","384 Bit ","1775 MHz","123 GPixel/s","28m"
"1304 MHz ","1206 MHz","Nvidia","6144 MB ","384 Bit ","1820 MHz","125 GPixel/s","28m"
"1317 MHz ","1216 MHz","Nvidia","6144 MB ","384 Bit ","1800 MHz","126 GPixel/s","28m"
"1291 MHz ","1190 MHz","Nvidia","6144 MB ","384 Bit ","1753 MHz","124 GPixel/s","28m"
"1076 MHz ","1000 MHz","Nvidia","6144 MB ","384 Bit ","1753 MHz","103 GPixel/s","28m"
"1291 MHz ","1190 MHz","Nvidia","6144 MB ","384 Bit ","1753 MHz","124 GPixel/s","28m"
"1291 MHz ","1190 MHz","Nvidia","12288 MB ","384 Bit ","1753 MHz","248 GPixel/s","28m"
"1304 MHz ","1203 MHz","Nvidia","6144 MB ","384 Bit ","1753 MHz","125 GPixel/s","28m"
"1076 MHz ","1000 MHz","Nvidia","12288 MB ","384 Bit ","1753 MHz","207 GPixel/s","28m"
"1190 MHz ","1102 MHz","Nvidia","6144 MB ","384 Bit ","1753 MHz","114 GPixel/s","28m"
"1291 MHz ","1190 MHz","Nvidia","6144 MB ","384 Bit ","1753 MHz","124 GPixel/s","28m"
"1190 MHz ","1102 MHz","Nvidia","12288 MB ","384 Bit ","1753 MHz","228 GPixel/s","28m"
"1190 MHz ","1102 MHz","Nvidia","6144 MB ","384 Bit ","1753 MHz","114 GPixel/s","28m"
"1190 MHz ","1102 MHz","Nvidia","6144 MB ","384 Bit ","1753 MHz","114 GPixel/s","28m"
"1228 MHz ","1140 MHz","Nvidia","6144 MB ","384 Bit ","1753 MHz","118 GPixel/s","28m"
"1291 MHz ","1190 MHz","Nvidia","12288 MB ","384 Bit ","1753 MHz","248 GPixel/s","28m"
"1304 MHz ","1203 MHz","Nvidia","6144 MB ","384 Bit ","1753 MHz","125 GPixel/s","28m"
"1291 MHz ","1190 MHz","Nvidia","6144 MB ","384 Bit ","1774 MHz","124 GPixel/s","28m"
"1228 MHz ","1140 MHz","Nvidia","6144 MB ","384 Bit ","1753 MHz","118 GPixel/s","28m"
"1291 MHz ","1190 MHz","Nvidia","6144 MB ","384 Bit ","1753 MHz","124 GPixel/s","28m"
"1076 MHz ","1000 MHz","Nvidia","6144 MB ","384 Bit ","1753 MHz","103 GPixel/s","28m"
"1317 MHz ","1216 MHz","Nvidia","6144 MB ","384 Bit ","1800 MHz","126 GPixel/s","28m"
"1291 MHz ","1190 MHz","Nvidia","6144 MB ","384 Bit ","1753 MHz","124 GPixel/s","28m"
"1076 MHz ","1000 MHz","Nvidia","6144 MB ","384 Bit ","1753 MHz","103 GPixel/s","28m"
"1076 MHz ","1000 MHz","Nvidia","6144 MB ","384 Bit ","1753 MHz","103 GPixel/s","28m"
"1216 MHz ","1127 MHz","Nvidia","4096 MB ","256 Bit ","1753 MHz","78 GPixel/s","28m"
"1317 MHz ","1216 MHz","Nvidia","12288 MB ","384 Bit ","1800 MHz","253 GPixel/s","28m"
"1076 MHz ","1000 MHz","Nvidia","12288 MB ","384 Bit ","1753 MHz","207 GPixel/s","28m"
"1329 MHz ","1228 MHz","Nvidia","4096 MB ","256 Bit ","1753 MHz","85 GPixel/s","28m"
"1216 MHz ","1127 MHz","Nvidia","4096 MB ","256 Bit ","1753 MHz","78 GPixel/s","28m"
"1076 MHz ","1000 MHz","Nvidia","6144 MB ","384 Bit ","1753 MHz","103 GPixel/s","28m"
"1304 MHz ","1203 MHz","Nvidia","4096 MB ","256 Bit ","1800 MHz","83 GPixel/s","28m"
"1216 MHz ","1126 MHz","Nvidia","4096 MB ","256 Bit ","1753 MHz","78 GPixel/s","28m"
"1216 MHz ","1126 MHz","Nvidia","4096 MB ","256 Bit ","1753 MHz","78 GPixel/s","28m"
"1216 MHz ","1127 MHz","Nvidia","4096 MB ","256 Bit ","1753 MHz","78 GPixel/s","28m"
"1252 MHz ","1152 MHz","Nvidia","4096 MB ","256 Bit ","1753 MHz","80 GPixel/s","28m"
"1317 MHz ","1216 MHz","Nvidia","8192 MB ","256 Bit ","1753 MHz","169 GPixel/s","28m"
"1317 MHz ","1216 MHz","Nvidia","12288 MB ","256 Bit ","1753 MHz","253 GPixel/s","28m"
"1279 MHz ","1178 MHz","Nvidia","4096 MB ","256 Bit ","1753 MHz","82 GPixel/s","28m"
"1317 MHz ","1216 MHz","Nvidia","4096 MB ","256 Bit ","1753 MHz","84 GPixel/s","28m"
"1253 MHz ","1152 MHz","Nvidia","4096 MB ","256 Bit ","1753 MHz","80 GPixel/s","28m"
"1216 MHz ","1126 MHz","Nvidia","4096 MB ","256 Bit ","1753 MHz","78 GPixel/s","28m"
"1367 MHz ","1266 MHz","Nvidia","4096 MB ","256 Bit ","1800 MHz","87 GPixel/s","28m"
"1216 MHz ","1126 MHz","Nvidia","4096 MB ","256 Bit ","1753 MHz","78 GPixel/s","28m"
"1342 MHz ","1241 MHz","Nvidia","4096 MB ","256 Bit ","1775 MHz","86 GPixel/s","28m"
"1216 MHz ","1126 MHz","Nvidia","4096 MB ","256 Bit ","1753 MHz","78 GPixel/s","28m"
"1329 MHz ","1228 MHz","Nvidia","4096 MB ","256 Bit ","1753 MHz","85 GPixel/s","28m"
"1329 MHz ","1228 MHz","Nvidia","8192 MB ","256 Bit ","1753 MHz","170 GPixel/s","28m"
"1179 MHz ","1128 MHz","Nvidia","4096 MB ","256 Bit ","1753 MHz","75 GPixel/s","28m"
"1329 MHz ","1228 MHz","Nvidia","4096 MB ","256 Bit ","1753 MHz","85 GPixel/s","28m"
"1216 MHz ","1126 MHz","Nvidia","4096 MB ","256 Bit ","1753 MHz","78 GPixel/s","28m"
"1342 MHz ","1241 MHz","Nvidia","8192 MB ","256 Bit ","1753 MHz","172 GPixel/s","28m"
"1367 MHz ","1266 MHz","Nvidia","8192 MB ","256 Bit ","1753 MHz","175 GPixel/s","28m"
"1329 MHz ","1228 MHz","Nvidia","4096 MB ","256 Bit ","1753 MHz","85 GPixel/s","28m"
"1216 MHz ","1126 MHz","Nvidia","4096 MB ","256 Bit ","1753 MHz","78 GPixel/s","28m"
"1418 MHz ","1304 MHz","Nvidia","4096 MB ","256 Bit ","1753 MHz","91 GPixel/s","28m"
"1367 MHz ","1266 MHz","Nvidia","4096 MB ","256 Bit ","1753 MHz","87 GPixel/s","28m"
"1393 MHz ","1291 MHz","Nvidia","4096 MB ","256 Bit ","1753 MHz","89 GPixel/s","28m"
"1342 MHz ","1241 MHz","Nvidia","4096 MB ","256 Bit ","1753 MHz","86 GPixel/s","28m"
"1380 MHz ","1279 MHz","Nvidia","4096 MB ","256 Bit ","1753 MHz","88 GPixel/s","28m"
"1393 MHz ","1291 MHz","Nvidia","4096 MB ","256 Bit ","1753 MHz","89 GPixel/s","28m"
"1216 MHz ","1126 MHz","Nvidia","4096 MB ","256 Bit ","1753 MHz","78 GPixel/s","28m"
"1278 MHz ","1178 MHz","Nvidia","8192 MB ","256 Bit ","1753 MHz","164 GPixel/s","28m"
"1216 MHz ","1126 MHz","Nvidia","4096 MB ","256 Bit ","1753 MHz","78 GPixel/s","28m"
"1393 MHz ","1291 MHz","Nvidia","4096 MB ","256 Bit ","1753 MHz","89 GPixel/s","28m"
"1418 MHz ","1304 MHz","Nvidia","4096 MB ","256 Bit ","1753 MHz","91 GPixel/s","28m"
"1278 MHz ","1178 MHz","Nvidia","4096 MB ","256 Bit ","1753 MHz","82 GPixel/s","28m"
"1342 MHz ","1241 MHz","Nvidia","8192 MB ","256 Bit ","1753 MHz","172 GPixel/s","28m"
"1393 MHz ","1291 MHz","Nvidia","8192 MB ","256 Bit ","1753 MHz","178 GPixel/s","28m"
"1216 MHz ","1126 MHz","Nvidia","4096 MB ","256 Bit ","1753 MHz","78 GPixel/s","28m"
"1216 MHz ","1126 MHz","Nvidia","8192 MB ","256 Bit ","1753 MHz","156 GPixel/s","28m"
"1216 MHz ","1126 MHz","Nvidia","12288 MB ","256 Bit ","1753 MHz","233 GPixel/s","28m"
"1216 MHz ","1126 MHz","Nvidia","4096 MB ","256 Bit ","1753 MHz","78 GPixel/s","28m"
"1380 MHz ","1228 MHz","Nvidia","8192 MB ","256 Bit ","1800 MHz","155 GPixel/s","28m"
"1241 MHz ","1102 MHz","Nvidia","4096 MB ","256 Bit ","1761 MHz","69 GPixel/s","28m"
"1304 MHz ","1152 MHz","Nvidia","4096 MB ","256 Bit ","1753 MHz","73 GPixel/s","28m"
"1380 MHz ","1228 MHz","Nvidia","4096 MB ","256 Bit ","1800 MHz","77 GPixel/s","28m"
"1355 MHz ","1203 MHz","Nvidia","4096 MB ","256 Bit ","1800 MHz","76 GPixel/s","28m"
"1279 MHz ","1178 MHz","Nvidia","4096 MB ","256 Bit ","1753 MHz","82 GPixel/s","28m"
"1432 MHz ","1317 MHz","Nvidia","4096 MB ","256 Bit ","1753 MHz","92 GPixel/s","28m"
"1216 MHz ","1076 MHz","Nvidia","8192 MB ","256 Bit ","1753 MHz","136 GPixel/s","28m"
"1178 MHz ","1050 MHz","Nvidia","4096 MB ","256 Bit ","1753 MHz","66 GPixel/s","28m"
"1355 MHz ","1203 MHz","Nvidia","8192 MB ","256 Bit ","1800 MHz","152 GPixel/s","28m"
"1178 MHz ","1050 MHz","Nvidia","4096 MB ","256 Bit ","1753 MHz","66 GPixel/s","28m"
"1178 MHz ","1050 MHz","Nvidia","4096 MB ","256 Bit ","1753 MHz","66 GPixel/s","28m"
"1304 MHz ","1152 MHz","Nvidia","4096 MB ","256 Bit ","1753 MHz","73 GPixel/s","28m"
"1279 MHz ","1140 MHz","Nvidia","8192 MB ","256 Bit ","1753 MHz","143 GPixel/s","28m"
"1178 MHz ","1140 MHz","Nvidia","4096 MB ","256 Bit ","1753 MHz","66 GPixel/s","28m"
"1279 MHz ","1140 MHz","Nvidia","8192 MB ","256 Bit ","1753 MHz","72 GPixel/s","28m"
"1216 MHz ","1076 MHz","Nvidia","4096 MB ","256 Bit ","1753 MHz","68 GPixel/s","28m"
"1279 MHz ","1140 MHz","Nvidia","4096 MB ","256 Bit ","1753 MHz","72 GPixel/s","28m"
"1241 MHz ","1102 MHz","Nvidia","4096 MB ","256 Bit ","1753 MHz","69 GPixel/s","28m"
"1342 MHz ","1241 MHz","Nvidia","4096 MB ","256 Bit ","1753 MHz","86 GPixel/s","28m"
"1216 MHz ","1076 MHz","Nvidia","4096 MB ","256 Bit ","1753 MHz","68 GPixel/s","28m"
"1216 MHz ","1076 MHz","Nvidia","4096 MB ","256 Bit ","1753 MHz","68 GPixel/s","28m"
"1317 MHz ","1165 MHz","Nvidia","4096 MB ","256 Bit ","1753 MHz","74 GPixel/s","28m"
"1178 MHz ","1050 MHz","Nvidia","4096 MB ","256 Bit ","1753 MHz","66 GPixel/s","28m"
"1329 MHz ","1178 MHz","Nvidia","4096 MB ","256 Bit ","1800 MHz","74 GPixel/s","28m"
"1228 MHz ","1088 MHz","Nvidia","4096 MB ","256 Bit ","1753 MHz","69 GPixel/s","28m"
"1329 MHz ","1178 MHz","Nvidia","4096 MB ","256 Bit ","1753 MHz","74 GPixel/s","28m"
"1253 MHz ","1114 MHz","Nvidia","4096 MB ","256 Bit ","1753 MHz","70 GPixel/s","28m"
"1266 MHz ","1126 MHz","Nvidia","4096 MB ","256 Bit ","1753 MHz","71 GPixel/s","28m"
"1241 MHz ","1101 MHz","Nvidia","4096 MB ","256 Bit ","1753 MHz","69 GPixel/s","28m"
"1329 MHz ","1178 MHz","Nvidia","8192 MB ","256 Bit ","1753 MHz","149 GPixel/s","28m"
"1216 MHz ","1076 MHz","Nvidia","4096 MB ","256 Bit ","1753 MHz","68 GPixel/s","28m"
"1329 MHz ","1178 MHz","Nvidia","4096 MB ","256 Bit ","1753 MHz","74 GPixel/s","28m"
"1317 MHz ","1164 MHz","Nvidia","4096 MB ","256 Bit ","1753 MHz","74 GPixel/s","28m"
"1380 MHz ","1216 MHz","Nvidia","4096 MB ","256 Bit ","1753 MHz","77 GPixel/s","28m"
"1342 MHz ","1190 MHz","Nvidia","4096 MB ","256 Bit ","1775 MHz","75 GPixel/s","28m"
"1317 MHz ","1164 MHz","Nvidia","8192 MB ","256 Bit ","1753 MHz","148 GPixel/s","28m"
"1304 MHz ","1152 MHz","Nvidia","4096 MB ","256 Bit ","1753 MHz","73 GPixel/s","28m"
"1304 MHz ","1152 MHz","Nvidia","4096 MB ","256 Bit ","1753 MHz","73 GPixel/s","28m"
"1317 MHz ","1165 MHz","Nvidia","8192 MB ","256 Bit ","1753 MHz","148 GPixel/s","28m"
"1317 MHz ","1165 MHz","Nvidia","4096 MB ","256 Bit ","1753 MHz","74 GPixel/s","28m"
"1342 MHz ","1190 MHz","Nvidia","8192 MB ","256 Bit ","1753 MHz","150 GPixel/s","28m"
"1342 MHz ","1190 MHz","Nvidia","8192 MB ","256 Bit ","1753 MHz","150 GPixel/s","28m"
"1279 MHz ","1140 MHz","Nvidia","4096 MB ","256 Bit ","1753 MHz","72 GPixel/s","28m"
"1342 MHz ","1190 MHz","Nvidia","4096 MB ","256 Bit ","1753 MHz","75 GPixel/s","28m"
"1367 MHz ","1216 MHz","Nvidia","4096 MB ","256 Bit ","1753 MHz","77 GPixel/s","28m"
"1367 MHz ","1216 MHz","Nvidia","8192 MB ","256 Bit ","1753 MHz","153 GPixel/s","28m"
"1342 MHz ","1190 MHz","Nvidia","4096 MB ","256 Bit ","1753 MHz","75 GPixel/s","28m"
"1317 MHz ","1165 MHz","Nvidia","4096 MB ","256 Bit ","1753 MHz","74 GPixel/s","28m"
"1228 MHz ","1088 MHz","Nvidia","4096 MB ","256 Bit ","1753 MHz","69 GPixel/s","28m"
"1178 MHz ","1050 MHz","Nvidia","4096 MB ","256 Bit ","1753 MHz","66 GPixel/s","28m"
"1253 MHz ","1114 MHz","Nvidia","8192 MB ","256 Bit ","1753 MHz","140 GPixel/s","28m"
"1178 MHz ","1050 MHz","Nvidia","4096 MB ","256 Bit ","1753 MHz","66 GPixel/s","28m"
"1253 MHz ","1114 MHz","Nvidia","4096 MB ","256 Bit ","1753 MHz","70 GPixel/s","28m"
"1367 MHz ","1216 MHz","Nvidia","4096 MB ","256 Bit ","1753 MHz","153 GPixel/s","28m"
"1367 MHz ","1216 MHz","Nvidia","4096 MB ","256 Bit ","1753 MHz","77 GPixel/s","28m"
"1178 MHz ","1050 MHz","Nvidia","4096 MB ","256 Bit ","1753 MHz","66 GPixel/s","28m"
"1178 MHz ","1050 MHz","Nvidia","8192 MB ","256 Bit ","1753 MHz","151 GPixel/s","28m"
"1228 MHz ","1088 MHz","Nvidia","4096 MB ","256 Bit ","1753 MHz","69 GPixel/s","28m"
"1240 MHz ","1177 MHz","Nvidia","2048 MB ","128 Bit ","1753 MHz","40 GPixel/s","28m"
"1329 MHz ","1266 MHz","Nvidia","2048 MB ","128 Bit ","1753 MHz","43 GPixel/s","28m"
"1178 MHz ","1050 MHz","Nvidia","4096 MB ","256 Bit ","1753 MHz","66 GPixel/s","28m"
"1240 MHz ","1177 MHz","Nvidia","2048 MB ","128 Bit ","1753 MHz","40 GPixel/s","28m"
"1329 MHz ","1266 MHz","Nvidia","2048 MB ","128 Bit ","1753 MHz","43 GPixel/s","28m"
"1240 MHz ","1177 MHz","Nvidia","4096 MB ","128 Bit ","1753 MHz","40 GPixel/s","28m"
"1228 MHz ","1165 MHz","Nvidia","2048 MB ","128 Bit ","1753 MHz","39 GPixel/s","28m"
"1329 MHz ","1266 MHz","Nvidia","4096 MB ","128 Bit ","1753 MHz","43 GPixel/s","28m"
"1178 MHz ","1127 MHz","Nvidia","2048 MB ","128 Bit ","1753 MHz","38 GPixel/s","28m"
"1342 MHz ","1279 MHz","Nvidia","2048 MB ","128 Bit ","1800 MHz","43 GPixel/s","28m"
"1178 MHz ","1127 MHz","Nvidia","4096 MB ","128 Bit ","1753 MHz","38 GPixel/s","28m"
"1178 MHz ","1127 MHz","Nvidia","4096 MB ","128 Bit ","1753 MHz","38 GPixel/s","28m"
"1266 MHz ","1203 MHz","Nvidia","2048 MB ","128 Bit ","1800 MHz","41 GPixel/s","28m"
"1178 MHz ","1127 MHz","Nvidia","2048 MB ","128 Bit ","1753 MHz","38 GPixel/s","28m"
"1241 MHz ","1176 MHz","Nvidia","2048 MB ","128 Bit ","1753 MHz","40 GPixel/s","28m"
"1304 MHz ","1241 MHz","Nvidia","8192 MB ","128 Bit ","1753 MHz","83 GPixel/s","28m"
"1253 MHz ","1190 MHz","Nvidia","2048 MB ","128 Bit ","1753 MHz","40 GPixel/s","28m"
"1304 MHz ","1241 MHz","Nvidia","4096 MB ","128 Bit ","1753 MHz","42 GPixel/s","28m"
"1241 MHz ","1178 MHz","Nvidia","4096 MB ","128 Bit ","1753 MHz","40 GPixel/s","28m"
"1178 MHz ","1127 MHz","Nvidia","2048 MB ","128 Bit ","1753 MHz","38 GPixel/s","28m"
"993 MHz ","941 MHz","Nvidia","3072 MB ","384 Bit ","1502 MHz","48 GPixel/s","28m"
"993 MHz ","941 MHz","Nvidia","6144 MB ","384 Bit ","1502 MHz","95 GPixel/s","28m"
"1393 MHz ","1329 MHz","Nvidia","2048 MB ","128 Bit ","1800 MHz","45 GPixel/s","28m"
"1241 MHz ","1178 MHz","Nvidia","4096 MB ","128 Bit ","1753 MHz","40 GPixel/s","28m"
"1253 MHz ","1190 MHz","Nvidia","2048 MB ","128 Bit ","1753 MHz","40 GPixel/s","28m"
"1058 MHz ","1006 MHz","Nvidia","3072 MB ","384 Bit ","1552 MHz","51 GPixel/s","28m"
"1006 MHz ","954 MHz","Nvidia","3072 MB ","384 Bit ","1502 MHz","48 GPixel/s","28m"
"1085 MHz ","1020 MHz","Nvidia","3072 MB ","384 Bit ","1750 MHz","52 GPixel/s","28m"
"1072 MHz ","1006 MHz","Nvidia","3072 MB ","384 Bit ","1800 MHz","51 GPixel/s","28m"
"1006 MHz ","980 MHz","Nvidia","3072 MB ","384 Bit ","1750 MHz","48 GPixel/s","28m"
"928 MHz ","875 MHz","Nvidia","6144 MB ","384 Bit ","1750 MHz","89 GPixel/s","28m"
"1085 MHz ","1020 MHz","Nvidia","3072 MB ","384 Bit ","1750 MHz","52 GPixel/s","28m"
"1150 MHz ","1085 MHz","Nvidia","3072 MB ","384 Bit ","1750 MHz","55 GPixel/s","28m"
"1045 MHz ","980 MHz","Nvidia","3072 MB ","384 Bit ","1750 MHz","50 GPixel/s","28m"
"1085 MHz ","1020 MHz","Nvidia","3072 MB ","384 Bit ","1750 MHz","52 GPixel/s","28m"
"1046 MHz ","980 MHz","Nvidia","3072 MB ","384 Bit ","1750 MHz","50 GPixel/s","28m"
"1046 MHz ","1006 MHz","Nvidia","3072 MB ","384 Bit ","1800 MHz","50 GPixel/s","28m"
"1072 MHz ","1006 MHz","Nvidia","3072 MB ","384 Bit ","1750 MHz","51 GPixel/s","28m"
"1137 MHz ","1072 MHz","Nvidia","3072 MB ","384 Bit ","1750 MHz","55 GPixel/s","28m"
"1085 MHz ","1020 MHz","Nvidia","3072 MB ","384 Bit ","1750 MHz","52 GPixel/s","28m"
"1045 MHz ","980 MHz","Nvidia","3072 MB ","384 Bit ","1750 MHz","50 GPixel/s","28m"
"1020 MHz ","954 MHz","Nvidia","3072 MB ","384 Bit ","1750 MHz","49 GPixel/s","28m"
"928 MHz ","875 MHz","Nvidia","3072 MB ","384 Bit ","1750 MHz","45 GPixel/s","28m"
"1033 MHz ","980 MHz","Nvidia","3072 MB ","384 Bit ","1550 MHz","50 GPixel/s","28m"
"1072 MHz ","1006 MHz","Nvidia","3072 MB ","384 Bit ","1750 MHz","51 GPixel/s","28m"
"1178 MHz ","1127 MHz","Nvidia","4096 MB ","128 Bit ","1753 MHz","38 GPixel/s","28m"
"1304 MHz ","1241 MHz","Nvidia","4096 MB ","128 Bit ","1753 MHz","42 GPixel/s","28m"
"1241 MHz ","1178 MHz","Nvidia","2048 MB ","128 Bit ","1753 MHz","40 GPixel/s","28m"
"1178 MHz ","1127 MHz","Nvidia","2048 MB ","128 Bit ","1753 MHz","38 GPixel/s","28m"
"902 MHz ","863 MHz","Nvidia","6144 MB ","384 Bit ","1502 MHz","87 GPixel/s","28m"
"1253 MHz ","1190 MHz","Nvidia","2048 MB ","128 Bit ","1753 MHz","40 GPixel/s","28m"
"1228 MHz ","1165 MHz","Nvidia","2048 MB ","128 Bit ","1753 MHz","39 GPixel/s","28m"
"1304 MHz ","1241 MHz","Nvidia","2048 MB ","128 Bit ","1753 MHz","42 GPixel/s","28m"
"1279 MHz ","1216 MHz","Nvidia","2048 MB ","128 Bit ","1753 MHz","41 GPixel/s","28m"
"1228 MHz ","1165 MHz","Nvidia","2048 MB ","128 Bit ","1753 MHz","39 GPixel/s","28m"
"1329 MHz ","1266 MHz","Nvidia","4096 MB ","128 Bit ","1753 MHz","43 GPixel/s","28m"
"1329 MHz ","1266 MHz","Nvidia","2048 MB ","128 Bit ","1753 MHz","43 GPixel/s","28m"
"1304 MHz ","1241 MHz","Nvidia","4096 MB ","128 Bit ","1753 MHz","42 GPixel/s","28m"
"1342 MHz ","1279 MHz","Nvidia","2048 MB ","128 Bit ","1753 MHz","43 GPixel/s","28m"
"1253 MHz ","1190 MHz","Nvidia","4096 MB ","128 Bit ","1753 MHz","40 GPixel/s","28m"
"1178 MHz ","1127 MHz","Nvidia","2048 MB ","128 Bit ","1753 MHz","38 GPixel/s","28m"
"1342 MHz ","1279 MHz","Nvidia","2048 MB ","128 Bit ","1800 MHz","43 GPixel/s","28m"
"1266 MHz ","1203 MHz","Nvidia","2048 MB ","128 Bit ","1800 MHz","41 GPixel/s","28m"
"1266 MHz ","1203 MHz","Nvidia","2048 MB ","128 Bit ","1753 MHz","41 GPixel/s","28m"
"1228 MHz ","1165 MHz","Nvidia","2048 MB ","128 Bit ","1753 MHz","39 GPixel/s","28m"
"1253 MHz ","1190 MHz","Nvidia","4096 MB ","128 Bit ","1753 MHz","40 GPixel/s","28m"
"1342 MHz ","1279 MHz","Nvidia","4096 MB ","128 Bit ","1753 MHz","43 GPixel/s","28m"
"1279 MHz ","1216 MHz","Nvidia","2048 MB ","128 Bit ","1753 MHz","41 GPixel/s","28m"
"1006 MHz ","954 MHz","Nvidia","3072 MB ","384 Bit ","1502 MHz","48 GPixel/s","28m"
"954 MHz ","902 MHz","Nvidia","3072 MB ","384 Bit ","1502 MHz","46 GPixel/s","28m"
"1342 MHz ","1279 MHz","Nvidia","2048 MB ","128 Bit ","1753 MHz","43 GPixel/s","28m"
"1033 MHz ","980 MHz","Nvidia","3072 MB ","384 Bit ","1502 MHz","50 GPixel/s","28m"
"1085 MHz ","1046 MHz","Nvidia","3072 MB ","384 Bit ","1550 MHz","52 GPixel/s","28m"
"936 MHz ","900 MHz","Nvidia","3072 MB ","384 Bit ","1502 MHz","45 GPixel/s","28m"
"1006 MHz ","954 MHz","Nvidia","6144 MB ","384 Bit ","1502 MHz","48 GPixel/s","28m"
"1046 MHz ","1006 MHz","Nvidia","3072 MB ","384 Bit ","1553 MHz","50 GPixel/s","28m"
"1071 MHz ","1019 MHz","Nvidia","3072 MB ","384 Bit ","1502 MHz","51 GPixel/s","28m"
"1033 MHz ","980 MHz","Nvidia","3072 MB ","384 Bit ","1502 MHz","50 GPixel/s","28m"
"1020 MHz ","967 MHz","Nvidia","6144 MB ","384 Bit ","1502 MHz","98 GPixel/s","28m"
"1033 MHz ","980 MHz","Nvidia","3072 MB ","384 Bit ","1502 MHz","50 GPixel/s","28m"
"954 MHz ","902 MHz","Nvidia","3072 MB ","384 Bit ","1502 MHz","46 GPixel/s","28m"
"1020 MHz ","967 MHz","Nvidia","6144 MB ","384 Bit ","1502 MHz","49 GPixel/s","28m"
"1046 MHz ","993 MHz","Nvidia","3072 MB ","384 Bit ","1502 MHz","50 GPixel/s","28m"
"941 MHz ","889 MHz","Nvidia","6144 MB ","384 Bit ","1502 MHz","45 GPixel/s","28m"
"1020 MHz ","967 MHz","Nvidia","3072 MB ","384 Bit ","1502 MHz","49 GPixel/s","28m"
"993 MHz ","941 MHz","Nvidia","3072 MB ","384 Bit ","1502 MHz","48 GPixel/s","28m"
"902 MHz ","863 MHz","Nvidia","3072 MB ","384 Bit ","1502 MHz","43 GPixel/s","28m"
"902 MHz ","889 MHz","Nvidia","3072 MB ","384 Bit ","1502 MHz","43 GPixel/s","28m"
"1367 MHz ","1304 MHz","Nvidia","4096 MB ","128 Bit ","1753 MHz","44 GPixel/s","28m"
"1058 MHz ","1006 MHz","Nvidia","3072 MB ","384 Bit ","1502 MHz","51 GPixel/s","28m"
"1178 MHz ","1127 MHz","Nvidia","4096 MB ","128 Bit ","1753 MHz","38 GPixel/s","28m"
"1367 MHz ","1304 MHz","Nvidia","2048 MB ","128 Bit ","1753 MHz","44 GPixel/s","28m"
"1317 MHz ","1253 MHz","Nvidia","8192 MB ","128 Bit ","1753 MHz","84 GPixel/s","28m"
"1317 MHz ","1253 MHz","Nvidia","2048 MB ","128 Bit ","1753 MHz","42 GPixel/s","28m"
"1317 MHz ","1253 MHz","Nvidia","4096 MB ","128 Bit ","1753 MHz","42 GPixel/s","28m"
"1317 MHz ","1253 MHz","Nvidia","4096 MB ","128 Bit ","1753 MHz","42 GPixel/s","28m"
"1178 MHz ","1127 MHz","Nvidia","2048 MB ","128 Bit ","1753 MHz","38 GPixel/s","28m"
"1178 MHz ","1127 MHz","Nvidia","2048 MB ","128 Bit ","1753 MHz","38 GPixel/s","28m"
"1006 MHz ","954 MHz","Nvidia","6144 MB ","384 Bit ","1502 MHz","97 GPixel/s","28m"
"1178 MHz ","1127 MHz","Nvidia","4096 MB ","128 Bit ","1753 MHz","75 GPixel/s","28m"
"1317 MHz ","1253 MHz","Nvidia","2048 MB ","128 Bit ","1800 MHz","42 GPixel/s","28m"
"1405 MHz ","1203 MHz","Nvidia","2048 MB ","128 Bit ","1755 MHz","45 GPixel/s","28m"
"1266 MHz ","1089 MHz","Nvidia","2048 MB ","128 Bit ","1652 MHz","41 GPixel/s","28m"
"1279 MHz ","1102 MHz","Nvidia","2048 MB ","128 Bit ","1701 MHz","41 GPixel/s","28m"
"1188 MHz ","1024 MHz","Nvidia","2048 MB ","128 Bit ","1653 MHz","38 GPixel/s","28m"
"1190 MHz ","1126 MHz","Nvidia","2048 MB ","128 Bit ","1653 MHz","38 GPixel/s","28m"
"1253 MHz ","1076 MHz","Nvidia","2048 MB ","128 Bit ","1653 MHz","40 GPixel/s","28m"
"1317 MHz ","1127 MHz","Nvidia","2048 MB ","128 Bit ","1663 MHz","42 GPixel/s","28m"
"902 MHz ","889 MHz","Nvidia","6144 MB ","768 Bit ","1502 MHz","87 GPixel/s","28m"
"902 MHz ","863 MHz","Nvidia","6144 MB ","384 Bit ","1502 MHz","43 GPixel/s","28m"
"1202 MHz ","1150 MHz","Nvidia","2048 MB ","256 Bit ","1800 MHz","38 GPixel/s","28m"
"902 MHz ","863 MHz","Nvidia","3072 MB ","384 Bit ","1502 MHz","43 GPixel/s","28m"
"1253 MHz ","1076 MHz","Nvidia","2048 MB ","128 Bit ","1653 MHz","40 GPixel/s","28m"
"1111 MHz ","1059 MHz","Nvidia","2048 MB ","256 Bit ","1753 MHz","36 GPixel/s","28m"
"1098 MHz ","1059 MHz","Nvidia","4096 MB ","256 Bit ","1752 MHz","35 GPixel/s","28m"
"1189 MHz ","1137 MHz","Nvidia","2048 MB ","256 Bit ","1752 MHz","38 GPixel/s","28m"
"1241 MHz ","1064 MHz","Nvidia","2048 MB ","128 Bit ","1653 MHz","40 GPixel/s","28m"
"1189 MHz ","1137 MHz","Nvidia","4096 MB ","256 Bit ","1752 MHz","38 GPixel/s","28m"
"1189 MHz ","1137 MHz","Nvidia","8192 MB ","256 Bit ","1752 MHz","76 GPixel/s","28m"
"1085 MHz ","1046 MHz","Nvidia","2048 MB ","256 Bit ","1703 MHz","35 GPixel/s","28m"
"1111 MHz ","1059 MHz","Nvidia","4096 MB ","256 Bit ","1753 MHz","36 GPixel/s","28m"
"1085 MHz ","1046 MHz","Nvidia","4096 MB ","256 Bit ","1752 MHz","69 GPixel/s","28m"
"1253 MHz ","1190 MHz","Nvidia","2048 MB ","128 Bit ","1753 MHz","40 GPixel/s","28m"
"1253 MHz ","1076 MHz","Nvidia","2048 MB ","128 Bit ","1653 MHz","40 GPixel/s","28m"
"1189 MHz ","1137 MHz","Nvidia","2048 MB ","256 Bit ","1753 MHz","38 GPixel/s","28m"
"1202 MHz ","1150 MHz","Nvidia","4096 MB ","256 Bit ","1752 MHz","77 GPixel/s","28m"
"1202 MHz ","1150 MHz","Nvidia","2048 MB ","256 Bit ","1752 MHz","38 GPixel/s","28m"
"1085 MHz ","1046 MHz","Nvidia","4096 MB ","256 Bit ","1752 MHz","35 GPixel/s","28m"
"1189 MHz ","1137 MHz","Nvidia","4096 MB ","256 Bit ","1753 MHz","38 GPixel/s","28m"
"1202 MHz ","1150 MHz","Nvidia","2048 MB ","256 Bit ","1753 MHz","38 GPixel/s","28m"
"1202 MHz ","1150 MHz","Nvidia","4096 MB ","256 Bit ","1800 MHz","38 GPixel/s","28m"
"1111 MHz ","1059 MHz","Nvidia","4096 MB ","256 Bit ","1752 MHz","36 GPixel/s","28m"
"1202 MHz ","1150 MHz","Nvidia","2048 MB ","256 Bit ","1800 MHz","38 GPixel/s","28m"
"1110 MHz ","1072 MHz","Nvidia","2048 MB ","256 Bit ","1753 MHz","36 GPixel/s","28m"
"1254 MHz ","1202 MHz","Nvidia","2048 MB ","256 Bit ","1753 MHz","40 GPixel/s","28m"
"1202 MHz ","1150 MHz","Nvidia","2048 MB ","256 Bit ","1752 MHz","38 GPixel/s","28m"
"1085 MHz ","1046 MHz","Nvidia","2048 MB ","256 Bit ","1752 MHz","35 GPixel/s","28m"
"1085 MHz ","1046 MHz","Nvidia","2048 MB ","256 Bit ","1703 MHz","35 GPixel/s","28m"
"1163 MHz ","1111 MHz","Nvidia","4096 MB ","256 Bit ","1703 MHz","74 GPixel/s","28m"
"1163 MHz ","1111 MHz","Nvidia","2048 MB ","256 Bit ","1703 MHz","37 GPixel/s","28m"
"1163 MHz ","1110 MHz","Nvidia","2048 MB ","256 Bit ","1703 MHz","37 GPixel/s","28m"
"1137 MHz ","1085 MHz","Nvidia","2048 MB ","256 Bit ","1753 MHz","36 GPixel/s","28m"
"1163 MHz ","1111 MHz","Nvidia","4096 MB ","256 Bit ","1702 MHz","37 GPixel/s","28m"
"1137 MHz ","1085 MHz","Nvidia","2048 MB ","256 Bit ","1703 MHz","36 GPixel/s","28m"
"1202 MHz ","1150 MHz","Nvidia","6144 MB ","256 Bit ","1753 MHz","77 GPixel/s","28m"
"1188 MHz ","1024 MHz","Nvidia","2048 MB ","128 Bit ","1653 MHz","38 GPixel/s","28m"
"1202 MHz ","1150 MHz","Nvidia","4096 MB ","256 Bit ","1753 MHz","38 GPixel/s","28m"
"1006 MHz ","954 MHz","Nvidia","3072 MB ","384 Bit ","1502 MHz","48 GPixel/s","28m"
"1202 MHz ","1150 MHz","Nvidia","4096 MB ","256 Bit ","1752 MHz","38 GPixel/s","28m"
"1190 MHz ","1026 MHz","Nvidia","2048 MB ","128 Bit ","1653 MHz","38 GPixel/s","28m"
"1329 MHz ","1178 MHz","Nvidia","2048 MB ","128 Bit ","1700 MHz","43 GPixel/s","28m"
"1253 MHz ","1076 MHz","Nvidia","2048 MB ","128 Bit ","1653 MHz","40 GPixel/s","28m"
"1228 MHz ","1051 MHz","Nvidia","2048 MB ","128 Bit ","1653 MHz","39 GPixel/s","28m"
"1304 MHz ","1114 MHz","Nvidia","2048 MB ","128 Bit ","1653 MHz","42 GPixel/s","28m"
"1367 MHz ","1178 MHz","Nvidia","2048 MB ","128 Bit ","1700 MHz","44 GPixel/s","28m"
"1279 MHz ","1102 MHz","Nvidia","2048 MB ","128 Bit ","1653 MHz","41 GPixel/s","28m"
"1241 MHz ","1064 MHz","Nvidia","2048 MB ","128 Bit ","1653 MHz","40 GPixel/s","28m"
"1405 MHz ","1203 MHz","Nvidia","2048 MB ","128 Bit ","1750 MHz","45 GPixel/s","28m"
"1355 MHz ","1165 MHz","Nvidia","2048 MB ","128 Bit ","1653 MHz","43 GPixel/s","28m"
"1405 MHz ","1203 MHz","Nvidia","2048 MB ","128 Bit ","1683 MHz","45 GPixel/s","28m"
"1393 MHz ","1190 MHz","Nvidia","2048 MB ","128 Bit ","1653 MHz","45 GPixel/s","28m"
"1279 MHz ","1102 MHz","Nvidia","2048 MB ","128 Bit ","1653 MHz","41 GPixel/s","28m"
"1342 MHz ","1152 MHz","Nvidia","2048 MB ","128 Bit ","1653 MHz","43 GPixel/s","28m"
"1355 MHz ","1140 MHz","Nvidia","2048 MB ","128 Bit ","1653 MHz","43 GPixel/s","28m"
"1190 MHz ","1126 MHz","Nvidia","2048 MB ","128 Bit ","1653 MHz","38 GPixel/s","28m"
"1190 MHz ","1126 MHz","Nvidia","2048 MB ","128 Bit ","1653 MHz","38 GPixel/s","28m"
"1188 MHz ","1024 MHz","Nvidia","4096 MB ","128 Bit ","1653 MHz","76 GPixel/s","28m"
"1188 MHz ","1024 MHz","Nvidia","2048 MB ","128 Bit ","1653 MHz","38 GPixel/s","28m"
"1110 MHz ","1058 MHz","Nvidia","4096 MB ","256 Bit ","1753 MHz","71 GPixel/s","28m"
"1059 MHz ","993 MHz","Nvidia","2048 MB ","256 Bit ","1502 MHz","34 GPixel/s","28m"
"1085 MHz ","1046 MHz","Nvidia","2048 MB ","256 Bit ","1752 MHz","35 GPixel/s","28m"
"1405 MHz ","1203 MHz","Nvidia","2048 MB ","128 Bit ","1653 MHz","45 GPixel/s","28m"
"1176 MHz ","1111 MHz","Nvidia","2048 MB ","256 Bit ","1502 MHz","38 GPixel/s","28m"
"1110 MHz ","1058 MHz","Nvidia","4096 MB ","256 Bit ","1753 MHz","36 GPixel/s","28m"
"1059 MHz ","993 MHz","Nvidia","2048 MB ","256 Bit ","1502 MHz","34 GPixel/s","28m"
"1033 MHz ","980 MHz","Nvidia","4096 MB ","256 Bit ","1502 MHz","33 GPixel/s","28m"
"1150 MHz ","1085 MHz","Nvidia","2048 MB ","256 Bit ","1502 MHz","37 GPixel/s","28m"
"1150 MHz ","1085 MHz","Nvidia","4096 MB ","256 Bit ","1502 MHz","37 GPixel/s","28m"
"1176 MHz ","1111 MHz","Nvidia","2048 MB ","256 Bit ","1552 MHz","38 GPixel/s","28m"
"1098 MHz ","1033 MHz","Nvidia","2048 MB ","256 Bit ","1502 MHz","35 GPixel/s","28m"
"1124 MHz ","1072 MHz","Nvidia","2048 MB ","256 Bit ","1753 MHz","36 GPixel/s","28m"
"980 MHz ","915 MHz","Nvidia","2048 MB ","256 Bit ","1502 MHz","31 GPixel/s","28m"
"1176 MHz ","1111 MHz","Nvidia","4096 MB ","256 Bit ","1552 MHz","38 GPixel/s","28m"
"1137 MHz ","1072 MHz","Nvidia","4096 MB ","256 Bit ","1550 MHz","36 GPixel/s","28m"
"1124 MHz ","1059 MHz","Nvidia","2048 MB ","256 Bit ","1502 MHz","36 GPixel/s","28m"
"1046 MHz ","1020 MHz","Nvidia","2048 MB ","256 Bit ","1502 MHz","33 GPixel/s","28m"
"1150 MHz ","1085 MHz","Nvidia","2048 MB ","256 Bit ","1502 MHz","37 GPixel/s","28m"
"1163 MHz ","1111 MHz","Nvidia","4096 MB ","256 Bit ","1753 MHz","37 GPixel/s","28m"
"1072 MHz ","1006 MHz","Nvidia","2048 MB ","256 Bit ","1502 MHz","34 GPixel/s","28m"
"1150 MHz ","1085 MHz","Nvidia","4096 MB ","256 Bit ","1502 MHz","37 GPixel/s","28m"
"1110 MHz ","1058 MHz","Nvidia","2048 MB ","256 Bit ","1753 MHz","36 GPixel/s","28m"
"1110 MHz ","1058 MHz","Nvidia","2048 MB ","256 Bit ","1502 MHz","36 GPixel/s","28m"
"1110 MHz ","1058 MHz","Nvidia","4096 MB ","256 Bit ","1502 MHz","36 GPixel/s","28m"
"1033 MHz ","980 MHz","Nvidia","4096 MB ","256 Bit ","1502 MHz","33 GPixel/s","28m"
"1110 MHz ","1058 MHz","Nvidia","2048 MB ","256 Bit ","1502 MHz","36 GPixel/s","28m"
"1033 MHz ","980 MHz","Nvidia","2048 MB ","256 Bit ","1502 MHz","33 GPixel/s","28m"
"1098 MHz ","1033 MHz","Nvidia","2048 MB ","256 Bit ","1502 MHz","35 GPixel/s","28m"
"1137 MHz ","1072 MHz","Nvidia","2048 MB ","256 Bit ","1550 MHz","36 GPixel/s","28m"
"1033 MHz ","980 MHz","Nvidia","2048 MB ","256 Bit ","1502 MHz","33 GPixel/s","28m"
"1059 MHz ","1006 MHz","Nvidia","2048 MB ","256 Bit ","1502 MHz","34 GPixel/s","28m"
"1137 MHz ","1072 MHz","Nvidia","2048 MB ","256 Bit ","1502 MHz","36 GPixel/s","28m"
"1137 MHz ","1072 MHz","Nvidia","2048 MB ","256 Bit ","1502 MHz","36 GPixel/s","28m"
"1137 MHz ","1072 MHz","Nvidia","4096 MB ","256 Bit ","1502 MHz","36 GPixel/s","28m"
"1176 MHz ","1111 MHz","Nvidia","2048 MB ","256 Bit ","1502 MHz","38 GPixel/s","28m"
"1033 MHz ","980 MHz","Nvidia","4096 MB ","256 Bit ","1502 MHz","33 GPixel/s","28m"
"1176 MHz ","1111 MHz","Nvidia","2048 MB ","256 Bit ","1552 MHz","38 GPixel/s","28m"
"1072 MHz ","1006 MHz","Nvidia","2048 MB ","256 Bit ","1502 MHz","34 GPixel/s","28m"
"1150 MHz ","1085 MHz","Nvidia","4096 MB ","256 Bit ","1502 MHz","37 GPixel/s","28m"
"1072 MHz ","1006 MHz","Nvidia","2048 MB ","256 Bit ","1502 MHz","34 GPixel/s","28m"
"1137 MHz ","1072 MHz","Nvidia","2048 MB ","256 Bit ","1502 MHz","36 GPixel/s","28m"
"1072 MHz ","1006 MHz","Nvidia","4096 MB ","256 Bit ","1502 MHz","69 GPixel/s","28m"
"888 MHz ","823 MHz","Nvidia","3072 MB ","192 Bit ","1400 MHz","21 GPixel/s","28m"
"1150 MHz ","1085 MHz","Nvidia","4096 MB ","256 Bit ","1502 MHz","37 GPixel/s","28m"
"888 MHz ","823 MHz","Nvidia","1536 MB ","192 Bit ","1400 MHz","21 GPixel/s","28m"
"1111 MHz ","1033 MHz","Nvidia","1024 MB ","128 Bit ","1250 MHz","18 GPixel/s","28m"
"1111 MHz ","1033 MHz","Nvidia","2048 MB ","128 Bit ","1250 MHz","18 GPixel/s","28m"
"1111 MHz ","1033 MHz","Nvidia","1024 MB ","128 Bit ","1350 MHz","18 GPixel/s","28m"
"1320 MHz ","1229 MHz","Nvidia","2048 MB ","128 Bit ","1502 MHz","21 GPixel/s","28m"
"1032 MHz ","980 MHz","Nvidia","2048 MB ","256 Bit ","1502 MHz","33 GPixel/s","28m"
"1320 MHz ","1229 MHz","Nvidia","1024 MB ","128 Bit ","1350 MHz","21 GPixel/s","28m"
"1281 MHz ","1202 MHz","Nvidia","2048 MB ","128 Bit ","1502 MHz","20 GPixel/s","28m"
"1110 MHz ","1032 MHz","Nvidia","2048 MB ","128 Bit ","1350 MHz","18 GPixel/s","28m"
"1124 MHz ","1046 MHz","Nvidia","2048 MB ","128 Bit ","1350 MHz","18 GPixel/s","28m"
"1163 MHz ","1085 MHz","Nvidia","2048 MB ","128 Bit ","1375 MHz","19 GPixel/s","28m"
"1281 MHz ","1202 MHz","Nvidia","2048 MB ","128 Bit ","1502 MHz","20 GPixel/s","28m"
"1137 MHz ","1058 MHz","Nvidia","2048 MB ","128 Bit ","1350 MHz","18 GPixel/s","28m"
"1137 MHz ","1059 MHz","Nvidia","2048 MB ","128 Bit ","1350 MHz","18 GPixel/s","28m"
"1111 MHz ","1046 MHz","Nvidia","2048 MB ","128 Bit ","1350 MHz","18 GPixel/s","28m"
"1085 MHz ","1020 MHz","Nvidia","2048 MB ","128 Bit ","1350 MHz","17 GPixel/s","28m"
"1150 MHz ","1072 MHz","Nvidia","2048 MB ","128 Bit ","1350 MHz","18 GPixel/s","28m"
"1242 MHz ","1163 MHz","Nvidia","2048 MB ","128 Bit ","1350 MHz","20 GPixel/s","28m"
"1163 MHz ","1085 MHz","Nvidia","2048 MB ","128 Bit ","1350 MHz","19 GPixel/s","28m"
"1137 MHz ","1059 MHz","Nvidia","4096 MB ","128 Bit ","1350 MHz","18 GPixel/s","28m"
"1110 MHz ","1032 MHz","Nvidia","2048 MB ","128 Bit ","1350 MHz","18 GPixel/s","28m"
"1294 MHz ","1215 MHz","Nvidia","2048 MB ","128 Bit ","1350 MHz","21 GPixel/s","28m"
"1111 MHz ","1032 MHz","Nvidia","2048 MB ","128 Bit ","1350 MHz","18 GPixel/s","28m"
"1110 MHz ","1032 MHz","Nvidia","2048 MB ","128 Bit ","1350 MHz","18 GPixel/s","28m"
"1150 MHz ","1072 MHz","Nvidia","2048 MB ","128 Bit ","1350 MHz","18 GPixel/s","28m"
"1189 MHz ","1110 MHz","Nvidia","2048 MB ","128 Bit ","1350 MHz","19 GPixel/s","28m"
"1032 MHz ","980 MHz","Nvidia","4096 MB ","256 Bit ","1502 MHz","66 GPixel/s","28m"
"1281 MHz ","1202 MHz","Nvidia","2048 MB ","128 Bit ","1502 MHz","20 GPixel/s","28m"
"1268 MHz ","1189 MHz","Nvidia","2048 MB ","128 Bit ","1350 MHz","20 GPixel/s","28m"
"1255 MHz ","1176 MHz","Nvidia","2048 MB ","128 Bit ","1350 MHz","20 GPixel/s","28m"
"1163 MHz ","1085 MHz","Nvidia","2048 MB ","128 Bit ","1375 MHz","19 GPixel/s","28m"
"1085 MHz ","1020 MHz","Nvidia","2048 MB ","128 Bit ","1350 MHz","17 GPixel/s","28m"
"1085 MHz ","1020 MHz","Nvidia","2048 MB ","128 Bit ","1350 MHz","17 GPixel/s","28m"
"1137 MHz ","1058 MHz","Nvidia","2048 MB ","128 Bit ","1350 MHz","18 GPixel/s","28m"
"1085 MHz ","1020 MHz","Nvidia","2048 MB ","128 Bit ","1350 MHz","17 GPixel/s","28m"
"1085 MHz ","1020 MHz","Nvidia","2048 MB ","128 Bit ","1350 MHz","17 GPixel/s","28m"
"1163 MHz ","1085 MHz","Nvidia","1024 MB ","128 Bit ","1275 MHz","19 GPixel/s","28m"
"1085 MHz ","1020 MHz","Nvidia","2048 MB ","128 Bit ","1350 MHz","17 GPixel/s","28m"
"1150 MHz ","1072 MHz","Nvidia","2048 MB ","128 Bit ","1350 MHz","18 GPixel/s","28m"
"1085 MHz ","1020 MHz","Nvidia","1024 MB ","128 Bit ","1253 MHz","17 GPixel/s","28m"
"1202 MHz ","1124 MHz","Nvidia","2048 MB ","128 Bit ","1350 MHz","19 GPixel/s","28m"
"1085 MHz ","1020 MHz","Nvidia","2048 MB ","128 Bit ","1250 MHz","17 GPixel/s","28m"
"1085 MHz ","1020 MHz","Nvidia","2048 MB ","128 Bit ","1250 MHz","17 GPixel/s","28m"
"1137 MHz ","1059 MHz","Nvidia","2048 MB ","128 Bit ","1253 MHz","18 GPixel/s","28m"
"1085 MHz ","1020 MHz","Nvidia","2048 MB ","128 Bit ","1250 MHz","17 GPixel/s","28m"
"1163 MHz ","1085 MHz","Nvidia","2048 MB ","128 Bit ","1253 MHz","19 GPixel/s","28m"
"1137 MHz ","1059 MHz","Nvidia","1024 MB ","128 Bit ","1253 MHz","18 GPixel/s","28m"
"1202 MHz ","1124 MHz","Nvidia","4096 MB ","128 Bit ","1350 MHz","19 GPixel/s","28m"
"1137 MHz ","1072 MHz","Nvidia","2048 MB ","256 Bit ","1550 MHz","36 GPixel/s","28m"
"1137 MHz ","1058 MHz","Nvidia","1024 MB ","128 Bit ","1253 MHz","18 GPixel/s","28m"
"1294 MHz ","1215 MHz","Nvidia","1024 MB ","128 Bit ","1253 MHz","21 GPixel/s","28m"
"1150 MHz ","1072 MHz","Nvidia","1024 MB ","128 Bit ","1250 MHz","18 GPixel/s","28m"
"1163 MHz ","1085 MHz","Nvidia","1024 MB ","128 Bit ","1253 MHz","19 GPixel/s","28m"
"1137 MHz ","1058 MHz","Nvidia","2048 MB ","128 Bit ","1253 MHz","18 GPixel/s","28m"
"1294 MHz ","1215 MHz","Nvidia","2048 MB ","128 Bit ","1253 MHz","21 GPixel/s","28m"
"1163 MHz ","1085 MHz","Nvidia","1024 MB ","128 Bit ","1275 MHz","19 GPixel/s","28m"
"1085 MHz ","1020 MHz","Nvidia","2048 MB ","128 Bit ","1250 MHz","17 GPixel/s","28m"
"1085 MHz ","1020 MHz","Nvidia","1024 MB ","128 Bit ","1250 MHz","17 GPixel/s","28m"
"1137 MHz ","1058 MHz","Nvidia","2048 MB ","128 Bit ","1253 MHz","18 GPixel/s","28m"
"1137 MHz ","1058 MHz","Nvidia","1024 MB ","128 Bit ","1253 MHz","18 GPixel/s","28m"
"1163 MHz ","1085 MHz","Nvidia","2048 MB ","128 Bit ","1275 MHz","19 GPixel/s","28m"
"1085 MHz ","1020 MHz","Nvidia","2048 MB ","128 Bit ","1250 MHz","17 GPixel/s","28m"
"1137 MHz ","1058 MHz","Nvidia","2048 MB ","128 Bit ","1253 MHz","18 GPixel/s","28m"
